Address,Modbus Address
X001,100001
X002,100002
X003,100003
X004,100004
X005,100005
X006,100006
X007,100007
X008,100008
X009,100009
X010,100010
X011,100011
X012,100012
X013,100013
X014,100014
X015,100015
X016,100016
X021,100017
X022,100018
X023,100019
X024,100020
X025,100021
X026,100022
X027,100023
X028,100024
X029,100025
X030,100026
X031,100027
X032,100028
X033,100029
X034,100030
X035,100031
X036,100032
X101,100033
X102,100034
X103,100035
X104,100036
X105,100037
X106,100038
X107,100039
X108,100040
X109,100041
X110,100042
X111,100043
X112,100044
X113,100045
X114,100046
X115,100047
X116,100048
X201,100065
X202,100066
X203,100067
X204,100068
X205,100069
X206,100070
X207,100071
X208,100072
X209,100073
X210,100074
X211,100075
X212,100076
X213,100077
X214,100078
X215,100079
X216,100080
X301,100097
X302,100098
X303,100099
X304,100100
X305,100101
X306,100102
X307,100103
X308,100104
X309,100105
X310,100106
X311,100107
X312,100108
X313,100109
X314,100110
X315,100111
X316,100112
X401,100129
X402,100130
X403,100131
X404,100132
X405,100133
X406,100134
X407,100135
X408,100136
X409,100137
X410,100138
X411,100139
X412,100140
X413,100141
X414,100142
X415,100143
X416,100144
X501,100161
X502,100162
X503,100163
X504,100164
X505,100165
X506,100166
X507,100167
X508,100168
X509,100169
X510,100170
X511,100171
X512,100172
X513,100173
X514,100174
X515,100175
X516,100176
X601,100193
X602,100194
X603,100195
X604,100196
X605,100197
X606,100198
X607,100199
X608,100200
X609,100201
X610,100202
X611,100203
X612,100204
X613,100205
X614,100206
X615,100207
X616,100208
X701,100225
X702,100226
X703,100227
X704,100228
X705,100229
X706,100230
X707,100231
X708,100232
X709,100233
X710,100234
X711,100235
X712,100236
X713,100237
X714,100238
X715,100239
X716,100240
X801,100257
X802,100258
X803,100259
X804,100260
X805,100261
X806,100262
X807,100263
X808,100264
X809,100265
X810,100266
X811,100267
X812,100268
X813,100269
X814,100270
X815,100271
X816,100272
Y001,8193
Y002,8194
Y003,8195
Y004,8196
Y005,8197
Y006,8198
Y007,8199
Y008,8200
Y009,8201
Y010,8202
Y011,8203
Y012,8204
Y013,8205
Y014,8206
Y015,8207
Y016,8208
Y021,8209
Y022,8210
Y023,8211
Y024,8212
Y025,8213
Y026,8214
Y027,8215
Y028,8216
Y029,8217
Y030,8218
Y031,8219
Y032,8220
Y033,8221
Y034,8222
Y035,8223
Y036,8224
Y101,8225
Y102,8226
Y103,8227
Y104,8228
Y105,8229
Y106,8230
Y107,8231
Y108,8232
Y109,8233
Y110,8234
Y111,8235
Y112,8236
Y113,8237
Y114,8238
Y115,8239
Y116,8240
Y201,8257
Y202,8258
Y203,8259
Y204,8260
Y205,8261
Y206,8262
Y207,8263
Y208,8264
Y209,8265
Y210,8266
Y211,8267
Y212,8268
Y213,8269
Y214,8270
Y215,8271
Y216,8272
Y301,8289
Y302,8290
Y303,8291
Y304,8292
Y305,8293
Y306,8294
Y307,8295
Y308,8296
Y309,8297
Y310,8298
Y311,8299
Y312,8300
Y313,8301
Y314,8302
Y315,8303
Y316,8304
Y401,8321
Y402,8322
Y403,8323
Y404,8324
Y405,8325
Y406,8326
Y407,8327
Y408,8328
Y409,8329
Y410,8330
Y411,8331
Y412,8332
Y413,8333
Y414,8334
Y415,8335
Y416,8336
Y501,8353
Y502,8354
Y503,8355
Y504,8356
Y505,8357
Y506,8358
Y507,8359
Y508,8360
Y509,8361
Y510,8362
Y511,8363
Y512,8364
Y513,8365
Y514,8366
Y515,8367
Y516,8368
Y601,8385
Y602,8386
Y603,8387
Y604,8388
Y605,8389
Y606,8390
Y607,8391
Y608,8392
Y609,8393
Y610,8394
Y611,8395
Y612,8396
Y613,8397
Y614,8398
Y615,8399
Y616,8400
Y701,8417
Y702,8418
Y703,8419
Y704,8420
Y705,8421
Y706,8422
Y707,8423
Y708,8424
Y709,8425
Y710,8426
Y711,8427
Y712,8428
Y713,8429
Y714,8430
Y715,8431
Y716,8432
Y801,8449
Y802,8450
Y803,8451
Y804,8452
Y805,8453
Y806,8454
Y807,8455
Y808,8456
Y809,8457
Y810,8458
Y811,8459
Y812,8460
Y813,8461
Y814,8462
Y815,8463
Y816,8464
C1,16385
C2,16386
C3,16387
C4,16388
C5,16389
C6,16390
C7,16391
C8,16392
C9,16393
C10,16394
C11,16395
C12,16396
C13,16397
C14,16398
C15,16399
C16,16400
C17,16401
C18,16402
C19,16403
C20,16404
C21,16405
C22,16406
C23,16407
C24,16408
C25,16409
C26,16410
C27,16411
C28,16412
C29,16413
C30,16414
C31,16415
C32,16416
C33,16417
C34,16418
C35,16419
C36,16420
C37,16421
C38,16422
C39,16423
C40,16424
C41,16425
C42,16426
C43,16427
C44,16428
C45,16429
C46,16430
C47,16431
C48,16432
C49,16433
C50,16434
C51,16435
C52,16436
C53,16437
C54,16438
C55,16439
C56,16440
C57,16441
C58,16442
C59,16443
C60,16444
C61,16445
C62,16446
C63,16447
C64,16448
C65,16449
C66,16450
C67,16451
C68,16452
C69,16453
C70,16454
C71,16455
C72,16456
C73,16457
C74,16458
C75,16459
C76,16460
C77,16461
C78,16462
C79,16463
C80,16464
C81,16465
C82,16466
C83,16467
C84,16468
C85,16469
C86,16470
C87,16471
C88,16472
C89,16473
C90,16474
C91,16475
C92,16476
C93,16477
C94,16478
C95,16479
C96,16480
C97,16481
C98,16482
C99,16483
C100,16484
C101,16485
C102,16486
C103,16487
C104,16488
C105,16489
C106,16490
C107,16491
C108,16492
C109,16493
C110,16494
C111,16495
C112,16496
C113,16497
C114,16498
C115,16499
C116,16500
C117,16501
C118,16502
C119,16503
C120,16504
C121,16505
C122,16506
C123,16507
C124,16508
C125,16509
C126,16510
C127,16511
C128,16512
C129,16513
C130,16514
C131,16515
C132,16516
C133,16517
C134,16518
C135,16519
C136,16520
C137,16521
C138,16522
C139,16523
C140,16524
C141,16525
C142,16526
C143,16527
C144,16528
C145,16529
C146,16530
C147,16531
C148,16532
C149,16533
C150,16534
C151,16535
C152,16536
C153,16537
C154,16538
C155,16539
C156,16540
C157,16541
C158,16542
C159,16543
C160,16544
C161,16545
C162,16546
C163,16547
C164,16548
C165,16549
C166,16550
C167,16551
C168,16552
C169,16553
C170,16554
C171,16555
C172,16556
C173,16557
C174,16558
C175,16559
C176,16560
C177,16561
C178,16562
C179,16563
C180,16564
C181,16565
C182,16566
C183,16567
C184,16568
C185,16569
C186,16570
C187,16571
C188,16572
C189,16573
C190,16574
C191,16575
C192,16576
C193,16577
C194,16578
C195,16579
C196,16580
C197,16581
C198,16582
C199,16583
C200,16584
C201,16585
C202,16586
C203,16587
C204,16588
C205,16589
C206,16590
C207,16591
C208,16592
C209,16593
C210,16594
C211,16595
C212,16596
C213,16597
C214,16598
C215,16599
C216,16600
C217,16601
C218,16602
C219,16603
C220,16604
C221,16605
C222,16606
C223,16607
C224,16608
C225,16609
C226,16610
C227,16611
C228,16612
C229,16613
C230,16614
C231,16615
C232,16616
C233,16617
C234,16618
C235,16619
C236,16620
C237,16621
C238,16622
C239,16623
C240,16624
C241,16625
C242,16626
C243,16627
C244,16628
C245,16629
C246,16630
C247,16631
C248,16632
C249,16633
C250,16634
C251,16635
C252,16636
C253,16637
C254,16638
C255,16639
C256,16640
C257,16641
C258,16642
C259,16643
C260,16644
C261,16645
C262,16646
C263,16647
C264,16648
C265,16649
C266,16650
C267,16651
C268,16652
C269,16653
C270,16654
C271,16655
C272,16656
C273,16657
C274,16658
C275,16659
C276,16660
C277,16661
C278,16662
C279,16663
C280,16664
C281,16665
C282,16666
C283,16667
C284,16668
C285,16669
C286,16670
C287,16671
C288,16672
C289,16673
C290,16674
C291,16675
C292,16676
C293,16677
C294,16678
C295,16679
C296,16680
C297,16681
C298,16682
C299,16683
C300,16684
C301,16685
C302,16686
C303,16687
C304,16688
C305,16689
C306,16690
C307,16691
C308,16692
C309,16693
C310,16694
C311,16695
C312,16696
C313,16697
C314,16698
C315,16699
C316,16700
C317,16701
C318,16702
C319,16703
C320,16704
C321,16705
C322,16706
C323,16707
C324,16708
C325,16709
C326,16710
C327,16711
C328,16712
C329,16713
C330,16714
C331,16715
C332,16716
C333,16717
C334,16718
C335,16719
C336,16720
C337,16721
C338,16722
C339,16723
C340,16724
C341,16725
C342,16726
C343,16727
C344,16728
C345,16729
C346,16730
C347,16731
C348,16732
C349,16733
C350,16734
C351,16735
C352,16736
C353,16737
C354,16738
C355,16739
C356,16740
C357,16741
C358,16742
C359,16743
C360,16744
C361,16745
C362,16746
C363,16747
C364,16748
C365,16749
C366,16750
C367,16751
C368,16752
C369,16753
C370,16754
C371,16755
C372,16756
C373,16757
C374,16758
C375,16759
C376,16760
C377,16761
C378,16762
C379,16763
C380,16764
C381,16765
C382,16766
C383,16767
C384,16768
C385,16769
C386,16770
C387,16771
C388,16772
C389,16773
C390,16774
C391,16775
C392,16776
C393,16777
C394,16778
C395,16779
C396,16780
C397,16781
C398,16782
C399,16783
C400,16784
C401,16785
C402,16786
C403,16787
C404,16788
C405,16789
C406,16790
C407,16791
C408,16792
C409,16793
C410,16794
C411,16795
C412,16796
C413,16797
C414,16798
C415,16799
C416,16800
C417,16801
C418,16802
C419,16803
C420,16804
C421,16805
C422,16806
C423,16807
C424,16808
C425,16809
C426,16810
C427,16811
C428,16812
C429,16813
C430,16814
C431,16815
C432,16816
C433,16817
C434,16818
C435,16819
C436,16820
C437,16821
C438,16822
C439,16823
C440,16824
C441,16825
C442,16826
C443,16827
C444,16828
C445,16829
C446,16830
C447,16831
C448,16832
C449,16833
C450,16834
C451,16835
C452,16836
C453,16837
C454,16838
C455,16839
C456,16840
C457,16841
C458,16842
C459,16843
C460,16844
C461,16845
C462,16846
C463,16847
C464,16848
C465,16849
C466,16850
C467,16851
C468,16852
C469,16853
C470,16854
C471,16855
C472,16856
C473,16857
C474,16858
C475,16859
C476,16860
C477,16861
C478,16862
C479,16863
C480,16864
C481,16865
C482,16866
C483,16867
C484,16868
C485,16869
C486,16870
C487,16871
C488,16872
C489,16873
C490,16874
C491,16875
C492,16876
C493,16877
C494,16878
C495,16879
C496,16880
C497,16881
C498,16882
C499,16883
C500,16884
C501,16885
C502,16886
C503,16887
C504,16888
C505,16889
C506,16890
C507,16891
C508,16892
C509,16893
C510,16894
C511,16895
C512,16896
C513,16897
C514,16898
C515,16899
C516,16900
C517,16901
C518,16902
C519,16903
C520,16904
C521,16905
C522,16906
C523,16907
C524,16908
C525,16909
C526,16910
C527,16911
C528,16912
C529,16913
C530,16914
C531,16915
C532,16916
C533,16917
C534,16918
C535,16919
C536,16920
C537,16921
C538,16922
C539,16923
C540,16924
C541,16925
C542,16926
C543,16927
C544,16928
C545,16929
C546,16930
C547,16931
C548,16932
C549,16933
C550,16934
C551,16935
C552,16936
C553,16937
C554,16938
C555,16939
C556,16940
C557,16941
C558,16942
C559,16943
C560,16944
C561,16945
C562,16946
C563,16947
C564,16948
C565,16949
C566,16950
C567,16951
C568,16952
C569,16953
C570,16954
C571,16955
C572,16956
C573,16957
C574,16958
C575,16959
C576,16960
C577,16961
C578,16962
C579,16963
C580,16964
C581,16965
C582,16966
C583,16967
C584,16968
C585,16969
C586,16970
C587,16971
C588,16972
C589,16973
C590,16974
C591,16975
C592,16976
C593,16977
C594,16978
C595,16979
C596,16980
C597,16981
C598,16982
C599,16983
C600,16984
C601,16985
C602,16986
C603,16987
C604,16988
C605,16989
C606,16990
C607,16991
C608,16992
C609,16993
C610,16994
C611,16995
C612,16996
C613,16997
C614,16998
C615,16999
C616,17000
C617,17001
C618,17002
C619,17003
C620,17004
C621,17005
C622,17006
C623,17007
C624,17008
C625,17009
C626,17010
C627,17011
C628,17012
C629,17013
C630,17014
C631,17015
C632,17016
C633,17017
C634,17018
C635,17019
C636,17020
C637,17021
C638,17022
C639,17023
C640,17024
C641,17025
C642,17026
C643,17027
C644,17028
C645,17029
C646,17030
C647,17031
C648,17032
C649,17033
C650,17034
C651,17035
C652,17036
C653,17037
C654,17038
C655,17039
C656,17040
C657,17041
C658,17042
C659,17043
C660,17044
C661,17045
C662,17046
C663,17047
C664,17048
C665,17049
C666,17050
C667,17051
C668,17052
C669,17053
C670,17054
C671,17055
C672,17056
C673,17057
C674,17058
C675,17059
C676,17060
C677,17061
C678,17062
C679,17063
C680,17064
C681,17065
C682,17066
C683,17067
C684,17068
C685,17069
C686,17070
C687,17071
C688,17072
C689,17073
C690,17074
C691,17075
C692,17076
C693,17077
C694,17078
C695,17079
C696,17080
C697,17081
C698,17082
C699,17083
C700,17084
C701,17085
C702,17086
C703,17087
C704,17088
C705,17089
C706,17090
C707,17091
C708,17092
C709,17093
C710,17094
C711,17095
C712,17096
C713,17097
C714,17098
C715,17099
C716,17100
C717,17101
C718,17102
C719,17103
C720,17104
C721,17105
C722,17106
C723,17107
C724,17108
C725,17109
C726,17110
C727,17111
C728,17112
C729,17113
C730,17114
C731,17115
C732,17116
C733,17117
C734,17118
C735,17119
C736,17120
C737,17121
C738,17122
C739,17123
C740,17124
C741,17125
C742,17126
C743,17127
C744,17128
C745,17129
C746,17130
C747,17131
C748,17132
C749,17133
C750,17134
C751,17135
C752,17136
C753,17137
C754,17138
C755,17139
C756,17140
C757,17141
C758,17142
C759,17143
C760,17144
C761,17145
C762,17146
C763,17147
C764,17148
C765,17149
C766,17150
C767,17151
C768,17152
C769,17153
C770,17154
C771,17155
C772,17156
C773,17157
C774,17158
C775,17159
C776,17160
C777,17161
C778,17162
C779,17163
C780,17164
C781,17165
C782,17166
C783,17167
C784,17168
C785,17169
C786,17170
C787,17171
C788,17172
C789,17173
C790,17174
C791,17175
C792,17176
C793,17177
C794,17178
C795,17179
C796,17180
C797,17181
C798,17182
C799,17183
C800,17184
C801,17185
C802,17186
C803,17187
C804,17188
C805,17189
C806,17190
C807,17191
C808,17192
C809,17193
C810,17194
C811,17195
C812,17196
C813,17197
C814,17198
C815,17199
C816,17200
C817,17201
C818,17202
C819,17203
C820,17204
C821,17205
C822,17206
C823,17207
C824,17208
C825,17209
C826,17210
C827,17211
C828,17212
C829,17213
C830,17214
C831,17215
C832,17216
C833,17217
C834,17218
C835,17219
C836,17220
C837,17221
C838,17222
C839,17223
C840,17224
C841,17225
C842,17226
C843,17227
C844,17228
C845,17229
C846,17230
C847,17231
C848,17232
C849,17233
C850,17234
C851,17235
C852,17236
C853,17237
C854,17238
C855,17239
C856,17240
C857,17241
C858,17242
C859,17243
C860,17244
C861,17245
C862,17246
C863,17247
C864,17248
C865,17249
C866,17250
C867,17251
C868,17252
C869,17253
C870,17254
C871,17255
C872,17256
C873,17257
C874,17258
C875,17259
C876,17260
C877,17261
C878,17262
C879,17263
C880,17264
C881,17265
C882,17266
C883,17267
C884,17268
C885,17269
C886,17270
C887,17271
C888,17272
C889,17273
C890,17274
C891,17275
C892,17276
C893,17277
C894,17278
C895,17279
C896,17280
C897,17281
C898,17282
C899,17283
C900,17284
C901,17285
C902,17286
C903,17287
C904,17288
C905,17289
C906,17290
C907,17291
C908,17292
C909,17293
C910,17294
C911,17295
C912,17296
C913,17297
C914,17298
C915,17299
C916,17300
C917,17301
C918,17302
C919,17303
C920,17304
C921,17305
C922,17306
C923,17307
C924,17308
C925,17309
C926,17310
C927,17311
C928,17312
C929,17313
C930,17314
C931,17315
C932,17316
C933,17317
C934,17318
C935,17319
C936,17320
C937,17321
C938,17322
C939,17323
C940,17324
C941,17325
C942,17326
C943,17327
C944,17328
C945,17329
C946,17330
C947,17331
C948,17332
C949,17333
C950,17334
C951,17335
C952,17336
C953,17337
C954,17338
C955,17339
C956,17340
C957,17341
C958,17342
C959,17343
C960,17344
C961,17345
C962,17346
C963,17347
C964,17348
C965,17349
C966,17350
C967,17351
C968,17352
C969,17353
C970,17354
C971,17355
C972,17356
C973,17357
C974,17358
C975,17359
C976,17360
C977,17361
C978,17362
C979,17363
C980,17364
C981,17365
C982,17366
C983,17367
C984,17368
C985,17369
C986,17370
C987,17371
C988,17372
C989,17373
C990,17374
C991,17375
C992,17376
C993,17377
C994,17378
C995,17379
C996,17380
C997,17381
C998,17382
C999,17383
C1000,17384
C1001,17385
C1002,17386
C1003,17387
C1004,17388
C1005,17389
C1006,17390
C1007,17391
C1008,17392
C1009,17393
C1010,17394
C1011,17395
C1012,17396
C1013,17397
C1014,17398
C1015,17399
C1016,17400
C1017,17401
C1018,17402
C1019,17403
C1020,17404
C1021,17405
C1022,17406
C1023,17407
C1024,17408
C1025,17409
C1026,17410
C1027,17411
C1028,17412
C1029,17413
C1030,17414
C1031,17415
C1032,17416
C1033,17417
C1034,17418
C1035,17419
C1036,17420
C1037,17421
C1038,17422
C1039,17423
C1040,17424
C1041,17425
C1042,17426
C1043,17427
C1044,17428
C1045,17429
C1046,17430
C1047,17431
C1048,17432
C1049,17433
C1050,17434
C1051,17435
C1052,17436
C1053,17437
C1054,17438
C1055,17439
C1056,17440
C1057,17441
C1058,17442
C1059,17443
C1060,17444
C1061,17445
C1062,17446
C1063,17447
C1064,17448
C1065,17449
C1066,17450
C1067,17451
C1068,17452
C1069,17453
C1070,17454
C1071,17455
C1072,17456
C1073,17457
C1074,17458
C1075,17459
C1076,17460
C1077,17461
C1078,17462
C1079,17463
C1080,17464
C1081,17465
C1082,17466
C1083,17467
C1084,17468
C1085,17469
C1086,17470
C1087,17471
C1088,17472
C1089,17473
C1090,17474
C1091,17475
C1092,17476
C1093,17477
C1094,17478
C1095,17479
C1096,17480
C1097,17481
C1098,17482
C1099,17483
C1100,17484
C1101,17485
C1102,17486
C1103,17487
C1104,17488
C1105,17489
C1106,17490
C1107,17491
C1108,17492
C1109,17493
C1110,17494
C1111,17495
C1112,17496
C1113,17497
C1114,17498
C1115,17499
C1116,17500
C1117,17501
C1118,17502
C1119,17503
C1120,17504
C1121,17505
C1122,17506
C1123,17507
C1124,17508
C1125,17509
C1126,17510
C1127,17511
C1128,17512
C1129,17513
C1130,17514
C1131,17515
C1132,17516
C1133,17517
C1134,17518
C1135,17519
C1136,17520
C1137,17521
C1138,17522
C1139,17523
C1140,17524
C1141,17525
C1142,17526
C1143,17527
C1144,17528
C1145,17529
C1146,17530
C1147,17531
C1148,17532
C1149,17533
C1150,17534
C1151,17535
C1152,17536
C1153,17537
C1154,17538
C1155,17539
C1156,17540
C1157,17541
C1158,17542
C1159,17543
C1160,17544
C1161,17545
C1162,17546
C1163,17547
C1164,17548
C1165,17549
C1166,17550
C1167,17551
C1168,17552
C1169,17553
C1170,17554
C1171,17555
C1172,17556
C1173,17557
C1174,17558
C1175,17559
C1176,17560
C1177,17561
C1178,17562
C1179,17563
C1180,17564
C1181,17565
C1182,17566
C1183,17567
C1184,17568
C1185,17569
C1186,17570
C1187,17571
C1188,17572
C1189,17573
C1190,17574
C1191,17575
C1192,17576
C1193,17577
C1194,17578
C1195,17579
C1196,17580
C1197,17581
C1198,17582
C1199,17583
C1200,17584
C1201,17585
C1202,17586
C1203,17587
C1204,17588
C1205,17589
C1206,17590
C1207,17591
C1208,17592
C1209,17593
C1210,17594
C1211,17595
C1212,17596
C1213,17597
C1214,17598
C1215,17599
C1216,17600
C1217,17601
C1218,17602
C1219,17603
C1220,17604
C1221,17605
C1222,17606
C1223,17607
C1224,17608
C1225,17609
C1226,17610
C1227,17611
C1228,17612
C1229,17613
C1230,17614
C1231,17615
C1232,17616
C1233,17617
C1234,17618
C1235,17619
C1236,17620
C1237,17621
C1238,17622
C1239,17623
C1240,17624
C1241,17625
C1242,17626
C1243,17627
C1244,17628
C1245,17629
C1246,17630
C1247,17631
C1248,17632
C1249,17633
C1250,17634
C1251,17635
C1252,17636
C1253,17637
C1254,17638
C1255,17639
C1256,17640
C1257,17641
C1258,17642
C1259,17643
C1260,17644
C1261,17645
C1262,17646
C1263,17647
C1264,17648
C1265,17649
C1266,17650
C1267,17651
C1268,17652
C1269,17653
C1270,17654
C1271,17655
C1272,17656
C1273,17657
C1274,17658
C1275,17659
C1276,17660
C1277,17661
C1278,17662
C1279,17663
C1280,17664
C1281,17665
C1282,17666
C1283,17667
C1284,17668
C1285,17669
C1286,17670
C1287,17671
C1288,17672
C1289,17673
C1290,17674
C1291,17675
C1292,17676
C1293,17677
C1294,17678
C1295,17679
C1296,17680
C1297,17681
C1298,17682
C1299,17683
C1300,17684
C1301,17685
C1302,17686
C1303,17687
C1304,17688
C1305,17689
C1306,17690
C1307,17691
C1308,17692
C1309,17693
C1310,17694
C1311,17695
C1312,17696
C1313,17697
C1314,17698
C1315,17699
C1316,17700
C1317,17701
C1318,17702
C1319,17703
C1320,17704
C1321,17705
C1322,17706
C1323,17707
C1324,17708
C1325,17709
C1326,17710
C1327,17711
C1328,17712
C1329,17713
C1330,17714
C1331,17715
C1332,17716
C1333,17717
C1334,17718
C1335,17719
C1336,17720
C1337,17721
C1338,17722
C1339,17723
C1340,17724
C1341,17725
C1342,17726
C1343,17727
C1344,17728
C1345,17729
C1346,17730
C1347,17731
C1348,17732
C1349,17733
C1350,17734
C1351,17735
C1352,17736
C1353,17737
C1354,17738
C1355,17739
C1356,17740
C1357,17741
C1358,17742
C1359,17743
C1360,17744
C1361,17745
C1362,17746
C1363,17747
C1364,17748
C1365,17749
C1366,17750
C1367,17751
C1368,17752
C1369,17753
C1370,17754
C1371,17755
C1372,17756
C1373,17757
C1374,17758
C1375,17759
C1376,17760
C1377,17761
C1378,17762
C1379,17763
C1380,17764
C1381,17765
C1382,17766
C1383,17767
C1384,17768
C1385,17769
C1386,17770
C1387,17771
C1388,17772
C1389,17773
C1390,17774
C1391,17775
C1392,17776
C1393,17777
C1394,17778
C1395,17779
C1396,17780
C1397,17781
C1398,17782
C1399,17783
C1400,17784
C1401,17785
C1402,17786
C1403,17787
C1404,17788
C1405,17789
C1406,17790
C1407,17791
C1408,17792
C1409,17793
C1410,17794
C1411,17795
C1412,17796
C1413,17797
C1414,17798
C1415,17799
C1416,17800
C1417,17801
C1418,17802
C1419,17803
C1420,17804
C1421,17805
C1422,17806
C1423,17807
C1424,17808
C1425,17809
C1426,17810
C1427,17811
C1428,17812
C1429,17813
C1430,17814
C1431,17815
C1432,17816
C1433,17817
C1434,17818
C1435,17819
C1436,17820
C1437,17821
C1438,17822
C1439,17823
C1440,17824
C1441,17825
C1442,17826
C1443,17827
C1444,17828
C1445,17829
C1446,17830
C1447,17831
C1448,17832
C1449,17833
C1450,17834
C1451,17835
C1452,17836
C1453,17837
C1454,17838
C1455,17839
C1456,17840
C1457,17841
C1458,17842
C1459,17843
C1460,17844
C1461,17845
C1462,17846
C1463,17847
C1464,17848
C1465,17849
C1466,17850
C1467,17851
C1468,17852
C1469,17853
C1470,17854
C1471,17855
C1472,17856
C1473,17857
C1474,17858
C1475,17859
C1476,17860
C1477,17861
C1478,17862
C1479,17863
C1480,17864
C1481,17865
C1482,17866
C1483,17867
C1484,17868
C1485,17869
C1486,17870
C1487,17871
C1488,17872
C1489,17873
C1490,17874
C1491,17875
C1492,17876
C1493,17877
C1494,17878
C1495,17879
C1496,17880
C1497,17881
C1498,17882
C1499,17883
C1500,17884
C1501,17885
C1502,17886
C1503,17887
C1504,17888
C1505,17889
C1506,17890
C1507,17891
C1508,17892
C1509,17893
C1510,17894
C1511,17895
C1512,17896
C1513,17897
C1514,17898
C1515,17899
C1516,17900
C1517,17901
C1518,17902
C1519,17903
C1520,17904
C1521,17905
C1522,17906
C1523,17907
C1524,17908
C1525,17909
C1526,17910
C1527,17911
C1528,17912
C1529,17913
C1530,17914
C1531,17915
C1532,17916
C1533,17917
C1534,17918
C1535,17919
C1536,17920
C1537,17921
C1538,17922
C1539,17923
C1540,17924
C1541,17925
C1542,17926
C1543,17927
C1544,17928
C1545,17929
C1546,17930
C1547,17931
C1548,17932
C1549,17933
C1550,17934
C1551,17935
C1552,17936
C1553,17937
C1554,17938
C1555,17939
C1556,17940
C1557,17941
C1558,17942
C1559,17943
C1560,17944
C1561,17945
C1562,17946
C1563,17947
C1564,17948
C1565,17949
C1566,17950
C1567,17951
C1568,17952
C1569,17953
C1570,17954
C1571,17955
C1572,17956
C1573,17957
C1574,17958
C1575,17959
C1576,17960
C1577,17961
C1578,17962
C1579,17963
C1580,17964
C1581,17965
C1582,17966
C1583,17967
C1584,17968
C1585,17969
C1586,17970
C1587,17971
C1588,17972
C1589,17973
C1590,17974
C1591,17975
C1592,17976
C1593,17977
C1594,17978
C1595,17979
C1596,17980
C1597,17981
C1598,17982
C1599,17983
C1600,17984
C1601,17985
C1602,17986
C1603,17987
C1604,17988
C1605,17989
C1606,17990
C1607,17991
C1608,17992
C1609,17993
C1610,17994
C1611,17995
C1612,17996
C1613,17997
C1614,17998
C1615,17999
C1616,18000
C1617,18001
C1618,18002
C1619,18003
C1620,18004
C1621,18005
C1622,18006
C1623,18007
C1624,18008
C1625,18009
C1626,18010
C1627,18011
C1628,18012
C1629,18013
C1630,18014
C1631,18015
C1632,18016
C1633,18017
C1634,18018
C1635,18019
C1636,18020
C1637,18021
C1638,18022
C1639,18023
C1640,18024
C1641,18025
C1642,18026
C1643,18027
C1644,18028
C1645,18029
C1646,18030
C1647,18031
C1648,18032
C1649,18033
C1650,18034
C1651,18035
C1652,18036
C1653,18037
C1654,18038
C1655,18039
C1656,18040
C1657,18041
C1658,18042
C1659,18043
C1660,18044
C1661,18045
C1662,18046
C1663,18047
C1664,18048
C1665,18049
C1666,18050
C1667,18051
C1668,18052
C1669,18053
C1670,18054
C1671,18055
C1672,18056
C1673,18057
C1674,18058
C1675,18059
C1676,18060
C1677,18061
C1678,18062
C1679,18063
C1680,18064
C1681,18065
C1682,18066
C1683,18067
C1684,18068
C1685,18069
C1686,18070
C1687,18071
C1688,18072
C1689,18073
C1690,18074
C1691,18075
C1692,18076
C1693,18077
C1694,18078
C1695,18079
C1696,18080
C1697,18081
C1698,18082
C1699,18083
C1700,18084
C1701,18085
C1702,18086
C1703,18087
C1704,18088
C1705,18089
C1706,18090
C1707,18091
C1708,18092
C1709,18093
C1710,18094
C1711,18095
C1712,18096
C1713,18097
C1714,18098
C1715,18099
C1716,18100
C1717,18101
C1718,18102
C1719,18103
C1720,18104
C1721,18105
C1722,18106
C1723,18107
C1724,18108
C1725,18109
C1726,18110
C1727,18111
C1728,18112
C1729,18113
C1730,18114
C1731,18115
C1732,18116
C1733,18117
C1734,18118
C1735,18119
C1736,18120
C1737,18121
C1738,18122
C1739,18123
C1740,18124
C1741,18125
C1742,18126
C1743,18127
C1744,18128
C1745,18129
C1746,18130
C1747,18131
C1748,18132
C1749,18133
C1750,18134
C1751,18135
C1752,18136
C1753,18137
C1754,18138
C1755,18139
C1756,18140
C1757,18141
C1758,18142
C1759,18143
C1760,18144
C1761,18145
C1762,18146
C1763,18147
C1764,18148
C1765,18149
C1766,18150
C1767,18151
C1768,18152
C1769,18153
C1770,18154
C1771,18155
C1772,18156
C1773,18157
C1774,18158
C1775,18159
C1776,18160
C1777,18161
C1778,18162
C1779,18163
C1780,18164
C1781,18165
C1782,18166
C1783,18167
C1784,18168
C1785,18169
C1786,18170
C1787,18171
C1788,18172
C1789,18173
C1790,18174
C1791,18175
C1792,18176
C1793,18177
C1794,18178
C1795,18179
C1796,18180
C1797,18181
C1798,18182
C1799,18183
C1800,18184
C1801,18185
C1802,18186
C1803,18187
C1804,18188
C1805,18189
C1806,18190
C1807,18191
C1808,18192
C1809,18193
C1810,18194
C1811,18195
C1812,18196
C1813,18197
C1814,18198
C1815,18199
C1816,18200
C1817,18201
C1818,18202
C1819,18203
C1820,18204
C1821,18205
C1822,18206
C1823,18207
C1824,18208
C1825,18209
C1826,18210
C1827,18211
C1828,18212
C1829,18213
C1830,18214
C1831,18215
C1832,18216
C1833,18217
C1834,18218
C1835,18219
C1836,18220
C1837,18221
C1838,18222
C1839,18223
C1840,18224
C1841,18225
C1842,18226
C1843,18227
C1844,18228
C1845,18229
C1846,18230
C1847,18231
C1848,18232
C1849,18233
C1850,18234
C1851,18235
C1852,18236
C1853,18237
C1854,18238
C1855,18239
C1856,18240
C1857,18241
C1858,18242
C1859,18243
C1860,18244
C1861,18245
C1862,18246
C1863,18247
C1864,18248
C1865,18249
C1866,18250
C1867,18251
C1868,18252
C1869,18253
C1870,18254
C1871,18255
C1872,18256
C1873,18257
C1874,18258
C1875,18259
C1876,18260
C1877,18261
C1878,18262
C1879,18263
C1880,18264
C1881,18265
C1882,18266
C1883,18267
C1884,18268
C1885,18269
C1886,18270
C1887,18271
C1888,18272
C1889,18273
C1890,18274
C1891,18275
C1892,18276
C1893,18277
C1894,18278
C1895,18279
C1896,18280
C1897,18281
C1898,18282
C1899,18283
C1900,18284
C1901,18285
C1902,18286
C1903,18287
C1904,18288
C1905,18289
C1906,18290
C1907,18291
C1908,18292
C1909,18293
C1910,18294
C1911,18295
C1912,18296
C1913,18297
C1914,18298
C1915,18299
C1916,18300
C1917,18301
C1918,18302
C1919,18303
C1920,18304
C1921,18305
C1922,18306
C1923,18307
C1924,18308
C1925,18309
C1926,18310
C1927,18311
C1928,18312
C1929,18313
C1930,18314
C1931,18315
C1932,18316
C1933,18317
C1934,18318
C1935,18319
C1936,18320
C1937,18321
C1938,18322
C1939,18323
C1940,18324
C1941,18325
C1942,18326
C1943,18327
C1944,18328
C1945,18329
C1946,18330
C1947,18331
C1948,18332
C1949,18333
C1950,18334
C1951,18335
C1952,18336
C1953,18337
C1954,18338
C1955,18339
C1956,18340
C1957,18341
C1958,18342
C1959,18343
C1960,18344
C1961,18345
C1962,18346
C1963,18347
C1964,18348
C1965,18349
C1966,18350
C1967,18351
C1968,18352
C1969,18353
C1970,18354
C1971,18355
C1972,18356
C1973,18357
C1974,18358
C1975,18359
C1976,18360
C1977,18361
C1978,18362
C1979,18363
C1980,18364
C1981,18365
C1982,18366
C1983,18367
C1984,18368
C1985,18369
C1986,18370
C1987,18371
C1988,18372
C1989,18373
C1990,18374
C1991,18375
C1992,18376
C1993,18377
C1994,18378
C1995,18379
C1996,18380
C1997,18381
C1998,18382
C1999,18383
C2000,18384
T1,145057
T2,145058
T3,145059
T4,145060
T5,145061
T6,145062
T7,145063
T8,145064
T9,145065
T10,145066
T11,145067
T12,145068
T13,145069
T14,145070
T15,145071
T16,145072
T17,145073
T18,145074
T19,145075
T20,145076
T21,145077
T22,145078
T23,145079
T24,145080
T25,145081
T26,145082
T27,145083
T28,145084
T29,145085
T30,145086
T31,145087
T32,145088
T33,145089
T34,145090
T35,145091
T36,145092
T37,145093
T38,145094
T39,145095
T40,145096
T41,145097
T42,145098
T43,145099
T44,145100
T45,145101
T46,145102
T47,145103
T48,145104
T49,145105
T50,145106
T51,145107
T52,145108
T53,145109
T54,145110
T55,145111
T56,145112
T57,145113
T58,145114
T59,145115
T60,145116
T61,145117
T62,145118
T63,145119
T64,145120
T65,145121
T66,145122
T67,145123
T68,145124
T69,145125
T70,145126
T71,145127
T72,145128
T73,145129
T74,145130
T75,145131
T76,145132
T77,145133
T78,145134
T79,145135
T80,145136
T81,145137
T82,145138
T83,145139
T84,145140
T85,145141
T86,145142
T87,145143
T88,145144
T89,145145
T90,145146
T91,145147
T92,145148
T93,145149
T94,145150
T95,145151
T96,145152
T97,145153
T98,145154
T99,145155
T100,145156
T101,145157
T102,145158
T103,145159
T104,145160
T105,145161
T106,145162
T107,145163
T108,145164
T109,145165
T110,145166
T111,145167
T112,145168
T113,145169
T114,145170
T115,145171
T116,145172
T117,145173
T118,145174
T119,145175
T120,145176
T121,145177
T122,145178
T123,145179
T124,145180
T125,145181
T126,145182
T127,145183
T128,145184
T129,145185
T130,145186
T131,145187
T132,145188
T133,145189
T134,145190
T135,145191
T136,145192
T137,145193
T138,145194
T139,145195
T140,145196
T141,145197
T142,145198
T143,145199
T144,145200
T145,145201
T146,145202
T147,145203
T148,145204
T149,145205
T150,145206
T151,145207
T152,145208
T153,145209
T154,145210
T155,145211
T156,145212
T157,145213
T158,145214
T159,145215
T160,145216
T161,145217
T162,145218
T163,145219
T164,145220
T165,145221
T166,145222
T167,145223
T168,145224
T169,145225
T170,145226
T171,145227
T172,145228
T173,145229
T174,145230
T175,145231
T176,145232
T177,145233
T178,145234
T179,145235
T180,145236
T181,145237
T182,145238
T183,145239
T184,145240
T185,145241
T186,145242
T187,145243
T188,145244
T189,145245
T190,145246
T191,145247
T192,145248
T193,145249
T194,145250
T195,145251
T196,145252
T197,145253
T198,145254
T199,145255
T200,145256
T201,145257
T202,145258
T203,145259
T204,145260
T205,145261
T206,145262
T207,145263
T208,145264
T209,145265
T210,145266
T211,145267
T212,145268
T213,145269
T214,145270
T215,145271
T216,145272
T217,145273
T218,145274
T219,145275
T220,145276
T221,145277
T222,145278
T223,145279
T224,145280
T225,145281
T226,145282
T227,145283
T228,145284
T229,145285
T230,145286
T231,145287
T232,145288
T233,145289
T234,145290
T235,145291
T236,145292
T237,145293
T238,145294
T239,145295
T240,145296
T241,145297
T242,145298
T243,145299
T244,145300
T245,145301
T246,145302
T247,145303
T248,145304
T249,145305
T250,145306
T251,145307
T252,145308
T253,145309
T254,145310
T255,145311
T256,145312
T257,145313
T258,145314
T259,145315
T260,145316
T261,145317
T262,145318
T263,145319
T264,145320
T265,145321
T266,145322
T267,145323
T268,145324
T269,145325
T270,145326
T271,145327
T272,145328
T273,145329
T274,145330
T275,145331
T276,145332
T277,145333
T278,145334
T279,145335
T280,145336
T281,145337
T282,145338
T283,145339
T284,145340
T285,145341
T286,145342
T287,145343
T288,145344
T289,145345
T290,145346
T291,145347
T292,145348
T293,145349
T294,145350
T295,145351
T296,145352
T297,145353
T298,145354
T299,145355
T300,145356
T301,145357
T302,145358
T303,145359
T304,145360
T305,145361
T306,145362
T307,145363
T308,145364
T309,145365
T310,145366
T311,145367
T312,145368
T313,145369
T314,145370
T315,145371
T316,145372
T317,145373
T318,145374
T319,145375
T320,145376
T321,145377
T322,145378
T323,145379
T324,145380
T325,145381
T326,145382
T327,145383
T328,145384
T329,145385
T330,145386
T331,145387
T332,145388
T333,145389
T334,145390
T335,145391
T336,145392
T337,145393
T338,145394
T339,145395
T340,145396
T341,145397
T342,145398
T343,145399
T344,145400
T345,145401
T346,145402
T347,145403
T348,145404
T349,145405
T350,145406
T351,145407
T352,145408
T353,145409
T354,145410
T355,145411
T356,145412
T357,145413
T358,145414
T359,145415
T360,145416
T361,145417
T362,145418
T363,145419
T364,145420
T365,145421
T366,145422
T367,145423
T368,145424
T369,145425
T370,145426
T371,145427
T372,145428
T373,145429
T374,145430
T375,145431
T376,145432
T377,145433
T378,145434
T379,145435
T380,145436
T381,145437
T382,145438
T383,145439
T384,145440
T385,145441
T386,145442
T387,145443
T388,145444
T389,145445
T390,145446
T391,145447
T392,145448
T393,145449
T394,145450
T395,145451
T396,145452
T397,145453
T398,145454
T399,145455
T400,145456
T401,145457
T402,145458
T403,145459
T404,145460
T405,145461
T406,145462
T407,145463
T408,145464
T409,145465
T410,145466
T411,145467
T412,145468
T413,145469
T414,145470
T415,145471
T416,145472
T417,145473
T418,145474
T419,145475
T420,145476
T421,145477
T422,145478
T423,145479
T424,145480
T425,145481
T426,145482
T427,145483
T428,145484
T429,145485
T430,145486
T431,145487
T432,145488
T433,145489
T434,145490
T435,145491
T436,145492
T437,145493
T438,145494
T439,145495
T440,145496
T441,145497
T442,145498
T443,145499
T444,145500
T445,145501
T446,145502
T447,145503
T448,145504
T449,145505
T450,145506
T451,145507
T452,145508
T453,145509
T454,145510
T455,145511
T456,145512
T457,145513
T458,145514
T459,145515
T460,145516
T461,145517
T462,145518
T463,145519
T464,145520
T465,145521
T466,145522
T467,145523
T468,145524
T469,145525
T470,145526
T471,145527
T472,145528
T473,145529
T474,145530
T475,145531
T476,145532
T477,145533
T478,145534
T479,145535
T480,145536
T481,145537
T482,145538
T483,145539
T484,145540
T485,145541
T486,145542
T487,145543
T488,145544
T489,145545
T490,145546
T491,145547
T492,145548
T493,145549
T494,145550
T495,145551
T496,145552
T497,145553
T498,145554
T499,145555
T500,145556
CT1,149153
CT2,149154
CT3,149155
CT4,149156
CT5,149157
CT6,149158
CT7,149159
CT8,149160
CT9,149161
CT10,149162
CT11,149163
CT12,149164
CT13,149165
CT14,149166
CT15,149167
CT16,149168
CT17,149169
CT18,149170
CT19,149171
CT20,149172
CT21,149173
CT22,149174
CT23,149175
CT24,149176
CT25,149177
CT26,149178
CT27,149179
CT28,149180
CT29,149181
CT30,149182
CT31,149183
CT32,149184
CT33,149185
CT34,149186
CT35,149187
CT36,149188
CT37,149189
CT38,149190
CT39,149191
CT40,149192
CT41,149193
CT42,149194
CT43,149195
CT44,149196
CT45,149197
CT46,149198
CT47,149199
CT48,149200
CT49,149201
CT50,149202
CT51,149203
CT52,149204
CT53,149205
CT54,149206
CT55,149207
CT56,149208
CT57,149209
CT58,149210
CT59,149211
CT60,149212
CT61,149213
CT62,149214
CT63,149215
CT64,149216
CT65,149217
CT66,149218
CT67,149219
CT68,149220
CT69,149221
CT70,149222
CT71,149223
CT72,149224
CT73,149225
CT74,149226
CT75,149227
CT76,149228
CT77,149229
CT78,149230
CT79,149231
CT80,149232
CT81,149233
CT82,149234
CT83,149235
CT84,149236
CT85,149237
CT86,149238
CT87,149239
CT88,149240
CT89,149241
CT90,149242
CT91,149243
CT92,149244
CT93,149245
CT94,149246
CT95,149247
CT96,149248
CT97,149249
CT98,149250
CT99,149251
CT100,149252
CT101,149253
CT102,149254
CT103,149255
CT104,149256
CT105,149257
CT106,149258
CT107,149259
CT108,149260
CT109,149261
CT110,149262
CT111,149263
CT112,149264
CT113,149265
CT114,149266
CT115,149267
CT116,149268
CT117,149269
CT118,149270
CT119,149271
CT120,149272
CT121,149273
CT122,149274
CT123,149275
CT124,149276
CT125,149277
CT126,149278
CT127,149279
CT128,149280
CT129,149281
CT130,149282
CT131,149283
CT132,149284
CT133,149285
CT134,149286
CT135,149287
CT136,149288
CT137,149289
CT138,149290
CT139,149291
CT140,149292
CT141,149293
CT142,149294
CT143,149295
CT144,149296
CT145,149297
CT146,149298
CT147,149299
CT148,149300
CT149,149301
CT150,149302
CT151,149303
CT152,149304
CT153,149305
CT154,149306
CT155,149307
CT156,149308
CT157,149309
CT158,149310
CT159,149311
CT160,149312
CT161,149313
CT162,149314
CT163,149315
CT164,149316
CT165,149317
CT166,149318
CT167,149319
CT168,149320
CT169,149321
CT170,149322
CT171,149323
CT172,149324
CT173,149325
CT174,149326
CT175,149327
CT176,149328
CT177,149329
CT178,149330
CT179,149331
CT180,149332
CT181,149333
CT182,149334
CT183,149335
CT184,149336
CT185,149337
CT186,149338
CT187,149339
CT188,149340
CT189,149341
CT190,149342
CT191,149343
CT192,149344
CT193,149345
CT194,149346
CT195,149347
CT196,149348
CT197,149349
CT198,149350
CT199,149351
CT200,149352
CT201,149353
CT202,149354
CT203,149355
CT204,149356
CT205,149357
CT206,149358
CT207,149359
CT208,149360
CT209,149361
CT210,149362
CT211,149363
CT212,149364
CT213,149365
CT214,149366
CT215,149367
CT216,149368
CT217,149369
CT218,149370
CT219,149371
CT220,149372
CT221,149373
CT222,149374
CT223,149375
CT224,149376
CT225,149377
CT226,149378
CT227,149379
CT228,149380
CT229,149381
CT230,149382
CT231,149383
CT232,149384
CT233,149385
CT234,149386
CT235,149387
CT236,149388
CT237,149389
CT238,149390
CT239,149391
CT240,149392
CT241,149393
CT242,149394
CT243,149395
CT244,149396
CT245,149397
CT246,149398
CT247,149399
CT248,149400
CT249,149401
CT250,149402
SC1,161441
SC2,161442
SC3,161443
SC4,161444
SC5,161445
SC6,161446
SC7,161447
SC8,161448
SC9,161449
SC10,161450
SC11,161451
SC12,161452
SC13,161453
SC14,161454
SC15,161455
SC16,161456
SC17,161457
SC18,161458
SC19,161459
SC20,161460
SC21,161461
SC22,161462
SC23,161463
SC24,161464
SC25,161465
SC26,161466
SC27,161467
SC28,161468
SC29,161469
SC30,161470
SC31,161471
SC32,161472
SC33,161473
SC34,161474
SC35,161475
SC36,161476
SC37,161477
SC38,161478
SC39,161479
SC40,161480
SC41,161481
SC42,161482
SC43,161483
SC44,161484
SC45,161485
SC46,161486
SC47,161487
SC48,161488
SC49,161489
SC50,61490
SC51,61491
SC52,161492
SC53,61493
SC54,161494
SC55,61495
SC56,161496
SC57,161497
SC58,161498
SC59,161499
SC60,61500
SC61,61501
SC62,161502
SC63,161503
SC64,161504
SC65,61505
SC66,61506
SC67,61507
SC68,161508
SC69,161509
SC70,161510
SC71,161511
SC72,161512
SC73,161513
SC74,161514
SC75,61515
SC76,61516
SC77,161517
SC78,161518
SC79,161519
SC80,161520
SC81,161521
SC82,161522
SC83,161523
SC84,161524
SC85,161525
SC86,161526
SC87,161527
SC88,161528
SC89,161529
SC90,161530
SC91,161531
SC92,161532
SC93,161533
SC94,161534
SC95,161535
SC96,161536
SC97,161537
SC98,161538
SC99,161539
SC100,161540
SC101,161541
SC102,161542
SC103,161543
SC104,161544
SC105,161545
SC106,161546
SC107,161547
SC108,161548
SC109,161549
SC110,161550
SC111,161551
SC112,161552
SC113,161553
SC114,161554
SC115,161555
SC116,161556
SC117,161557
SC118,161558
SC119,161559
SC120,61560
SC121,61561
SC122,161562
SC123,161563
SC124,161564
SC125,161565
SC126,161566
SC127,161567
SC128,161568
SC129,161569
SC130,161570
SC131,161571
SC132,161572
SC133,161573
SC134,161574
SC135,161575
SC136,161576
SC137,161577
SC138,161578
SC139,161579
SC140,161580
SC141,161581
SC142,161582
SC143,161583
SC144,161584
SC145,161585
SC146,161586
SC147,161587
SC148,161588
SC149,161589
SC150,161590
SC151,161591
SC152,161592
SC153,161593
SC154,161594
SC155,161595
SC156,161596
SC157,161597
SC158,161598
SC159,161599
SC160,161600
SC161,161601
SC162,161602
SC163,161603
SC164,161604
SC165,161605
SC166,161606
SC167,161607
SC168,161608
SC169,161609
SC170,161610
SC171,161611
SC172,161612
SC173,161613
SC174,161614
SC175,161615
SC176,161616
SC177,161617
SC178,161618
SC179,161619
SC180,161620
SC181,161621
SC182,161622
SC183,161623
SC184,161624
SC185,161625
SC186,161626
SC187,161627
SC188,161628
SC189,161629
SC190,161630
SC191,161631
SC192,161632
SC193,161633
SC194,161634
SC195,161635
SC196,161636
SC197,161637
SC198,161638
SC199,161639
SC200,161640
SC201,161641
SC202,161642
SC203,161643
SC204,161644
SC205,161645
SC206,161646
SC207,161647
SC208,161648
SC209,161649
SC210,161650
SC211,161651
SC212,161652
SC213,161653
SC214,161654
SC215,161655
SC216,161656
SC217,161657
SC218,161658
SC219,161659
SC220,161660
SC221,161661
SC222,161662
SC223,161663
SC224,161664
SC225,161665
SC226,161666
SC227,161667
SC228,161668
SC229,161669
SC230,161670
SC231,161671
SC232,161672
SC233,161673
SC234,161674
SC235,161675
SC236,161676
SC237,161677
SC238,161678
SC239,161679
SC240,161680
SC241,161681
SC242,161682
SC243,161683
SC244,161684
SC245,161685
SC246,161686
SC247,161687
SC248,161688
SC249,161689
SC250,161690
SC251,161691
SC252,161692
SC253,161693
SC254,161694
SC255,161695
SC256,161696
SC257,161697
SC258,161698
SC259,161699
SC260,161700
SC261,161701
SC262,161702
SC263,161703
SC264,161704
SC265,161705
SC266,161706
SC267,161707
SC268,161708
SC269,161709
SC270,161710
SC271,161711
SC272,161712
SC273,161713
SC274,161714
SC275,161715
SC276,161716
SC277,161717
SC278,161718
SC279,161719
SC280,161720
SC281,161721
SC282,161722
SC283,161723
SC284,161724
SC285,161725
SC286,161726
SC287,161727
SC288,161728
SC289,161729
SC290,161730
SC291,161731
SC292,161732
SC293,161733
SC294,161734
SC295,161735
SC296,161736
SC297,161737
SC298,161738
SC299,161739
SC300,161740
SC301,161741
SC302,161742
SC303,61743
SC304,61744
SC305,61745
SC306,61746
SC307,161747
SC308,161748
SC309,161749
SC310,161750
SC311,161751
SC312,161752
SC313,161753
SC314,161754
SC315,161755
SC316,161756
SC317,161757
SC318,161758
SC319,161759
SC320,161760
SC321,161761
SC322,161762
SC323,61763
SC324,61764
SC325,61765
SC326,61766
SC327,161767
SC328,161768
SC329,161769
SC330,161770
SC331,161771
SC332,161772
SC333,161773
SC334,161774
SC335,161775
SC336,161776
SC337,161777
SC338,161778
SC339,161779
SC340,161780
SC341,161781
SC342,161782
SC343,161783
SC344,161784
SC345,161785
SC346,161786
SC347,161787
SC348,161788
SC349,161789
SC350,161790
SC351,161791
SC352,161792
SC353,161793
SC354,161794
SC355,161795
SC356,161796
SC357,161797
SC358,161798
SC359,161799
SC360,161800
SC361,161801
SC362,161802
SC363,161803
SC364,161804
SC365,161805
SC366,161806
SC367,161807
SC368,161808
SC369,161809
SC370,161810
SC371,161811
SC372,161812
SC373,161813
SC374,161814
SC375,161815
SC376,161816
SC377,161817
SC378,161818
SC379,161819
SC380,161820
SC381,161821
SC382,161822
SC383,161823
SC384,161824
SC385,161825
SC386,161826
SC387,161827
SC388,161828
SC389,161829
SC390,161830
SC391,161831
SC392,161832
SC393,161833
SC394,161834
SC395,161835
SC396,161836
SC397,161837
SC398,161838
SC399,161839
SC400,161840
SC401,161841
SC402,161842
SC403,161843
SC404,161844
SC405,161845
SC406,161846
SC407,161847
SC408,161848
SC409,161849
SC410,161850
SC411,161851
SC412,161852
SC413,161853
SC414,161854
SC415,161855
SC416,161856
SC417,161857
SC418,161858
SC419,161859
SC420,161860
SC421,161861
SC422,161862
SC423,161863
SC424,161864
SC425,161865
SC426,161866
SC427,161867
SC428,161868
SC429,161869
SC430,161870
SC431,161871
SC432,161872
SC433,161873
SC434,161874
SC435,161875
SC436,161876
SC437,161877
SC438,161878
SC439,161879
SC440,161880
SC441,161881
SC442,161882
SC443,161883
SC444,161884
SC445,161885
SC446,161886
SC447,161887
SC448,161888
SC449,161889
SC450,161890
SC451,161891
SC452,161892
SC453,161893
SC454,161894
SC455,161895
SC456,161896
SC457,161897
SC458,161898
SC459,161899
SC460,161900
SC461,161901
SC462,161902
SC463,161903
SC464,161904
SC465,161905
SC466,161906
SC467,161907
SC468,161908
SC469,161909
SC470,161910
SC471,161911
SC472,161912
SC473,161913
SC474,161914
SC475,161915
SC476,161916
SC477,161917
SC478,161918
SC479,161919
SC480,161920
SC481,161921
SC482,161922
SC483,161923
SC484,161924
SC485,161925
SC486,161926
SC487,161927
SC488,161928
SC489,161929
SC490,161930
SC491,161931
SC492,161932
SC493,161933
SC494,161934
SC495,161935
SC496,161936
SC497,161937
SC498,161938
SC499,161939
SC500,161940
SC501,161941
SC502,161942
SC503,161943
SC504,161944
SC505,161945
SC506,161946
SC507,161947
SC508,161948
SC509,161949
SC510,161950
SC511,161951
SC512,161952
SC513,161953
SC514,161954
SC515,161955
SC516,161956
SC517,161957
SC518,161958
SC519,161959
SC520,161960
SC521,161961
SC522,161962
SC523,161963
SC524,161964
SC525,161965
SC526,161966
SC527,161967
SC528,161968
SC529,161969
SC530,161970
SC531,161971
SC532,161972
SC533,161973
SC534,161974
SC535,161975
SC536,161976
SC537,161977
SC538,161978
SC539,161979
SC540,161980
SC541,161981
SC542,161982
SC543,161983
SC544,161984
SC545,161985
SC546,161986
SC547,161987
SC548,161988
SC549,161989
SC550,161990
SC551,161991
SC552,161992
SC553,161993
SC554,161994
SC555,161995
SC556,161996
SC557,161997
SC558,161998
SC559,161999
SC560,162000
SC561,162001
SC562,162002
SC563,162003
SC564,162004
SC565,162005
SC566,162006
SC567,162007
SC568,162008
SC569,162009
SC570,162010
SC571,162011
SC572,162012
SC573,162013
SC574,162014
SC575,162015
SC576,162016
SC577,162017
SC578,162018
SC579,162019
SC580,162020
SC581,162021
SC582,162022
SC583,162023
SC584,162024
SC585,162025
SC586,162026
SC587,162027
SC588,162028
SC589,162029
SC590,162030
SC591,162031
SC592,162032
SC593,162033
SC594,162034
SC595,162035
SC596,162036
SC597,162037
SC598,162038
SC599,162039
SC600,162040
SC601,162041
SC602,162042
SC603,162043
SC604,162044
SC605,162045
SC606,162046
SC607,162047
SC608,162048
SC609,162049
SC610,162050
SC611,162051
SC612,162052
SC613,162053
SC614,162054
SC615,162055
SC616,162056
SC617,162057
SC618,162058
SC619,162059
SC620,162060
SC621,162061
SC622,162062
SC623,162063
SC624,162064
SC625,162065
SC626,162066
SC627,162067
SC628,162068
SC629,162069
SC630,162070
SC631,162071
SC632,162072
SC633,162073
SC634,162074
SC635,162075
SC636,162076
SC637,162077
SC638,162078
SC639,162079
SC640,162080
SC641,162081
SC642,162082
SC643,162083
SC644,162084
SC645,162085
SC646,162086
SC647,162087
SC648,162088
SC649,162089
SC650,162090
SC651,162091
SC652,162092
SC653,162093
SC654,162094
SC655,162095
SC656,162096
SC657,162097
SC658,162098
SC659,162099
SC660,162100
SC661,162101
SC662,162102
SC663,162103
SC664,162104
SC665,162105
SC666,162106
SC667,162107
SC668,162108
SC669,162109
SC670,162110
SC671,162111
SC672,162112
SC673,162113
SC674,162114
SC675,162115
SC676,162116
SC677,162117
SC678,162118
SC679,162119
SC680,162120
SC681,162121
SC682,162122
SC683,162123
SC684,162124
SC685,162125
SC686,162126
SC687,162127
SC688,162128
SC689,162129
SC690,162130
SC691,162131
SC692,162132
SC693,162133
SC694,162134
SC695,162135
SC696,162136
SC697,162137
SC698,162138
SC699,162139
SC700,162140
SC701,162141
SC702,162142
SC703,162143
SC704,162144
SC705,162145
SC706,162146
SC707,162147
SC708,162148
SC709,162149
SC710,162150
SC711,162151
SC712,162152
SC713,162153
SC714,162154
SC715,162155
SC716,162156
SC717,162157
SC718,162158
SC719,162159
SC720,162160
SC721,162161
SC722,162162
SC723,162163
SC724,162164
SC725,162165
SC726,162166
SC727,162167
SC728,162168
SC729,162169
SC730,162170
SC731,162171
SC732,162172
SC733,162173
SC734,162174
SC735,162175
SC736,162176
SC737,162177
SC738,162178
SC739,162179
SC740,162180
SC741,162181
SC742,162182
SC743,162183
SC744,162184
SC745,162185
SC746,162186
SC747,162187
SC748,162188
SC749,162189
SC750,162190
SC751,162191
SC752,162192
SC753,162193
SC754,162194
SC755,162195
SC756,162196
SC757,162197
SC758,162198
SC759,162199
SC760,162200
SC761,162201
SC762,162202
SC763,162203
SC764,162204
SC765,162205
SC766,162206
SC767,162207
SC768,162208
SC769,162209
SC770,162210
SC771,162211
SC772,162212
SC773,162213
SC774,162214
SC775,162215
SC776,162216
SC777,162217
SC778,162218
SC779,162219
SC780,162220
SC781,162221
SC782,162222
SC783,162223
SC784,162224
SC785,162225
SC786,162226
SC787,162227
SC788,162228
SC789,162229
SC790,162230
SC791,162231
SC792,162232
SC793,162233
SC794,162234
SC795,162235
SC796,162236
SC797,162237
SC798,162238
SC799,162239
SC800,162240
SC801,162241
SC802,162242
SC803,162243
SC804,162244
SC805,162245
SC806,162246
SC807,162247
SC808,162248
SC809,162249
SC810,162250
SC811,162251
SC812,162252
SC813,162253
SC814,162254
SC815,162255
SC816,162256
SC817,162257
SC818,162258
SC819,162259
SC820,162260
SC821,162261
SC822,162262
SC823,162263
SC824,162264
SC825,162265
SC826,162266
SC827,162267
SC828,162268
SC829,162269
SC830,162270
SC831,162271
SC832,162272
SC833,162273
SC834,162274
SC835,162275
SC836,162276
SC837,162277
SC838,162278
SC839,162279
SC840,162280
SC841,162281
SC842,162282
SC843,162283
SC844,162284
SC845,162285
SC846,162286
SC847,162287
SC848,162288
SC849,162289
SC850,162290
SC851,162291
SC852,162292
SC853,162293
SC854,162294
SC855,162295
SC856,162296
SC857,162297
SC858,162298
SC859,162299
SC860,162300
SC861,162301
SC862,162302
SC863,162303
SC864,162304
SC865,162305
SC866,162306
SC867,162307
SC868,162308
SC869,162309
SC870,162310
SC871,162311
SC872,162312
SC873,162313
SC874,162314
SC875,162315
SC876,162316
SC877,162317
SC878,162318
SC879,162319
SC880,162320
SC881,162321
SC882,162322
SC883,162323
SC884,162324
SC885,162325
SC886,162326
SC887,162327
SC888,162328
SC889,162329
SC890,162330
SC891,162331
SC892,162332
SC893,162333
SC894,162334
SC895,162335
SC896,162336
SC897,162337
SC898,162338
SC899,162339
SC900,162340
SC901,162341
SC902,162342
SC903,162343
SC904,162344
SC905,162345
SC906,162346
SC907,162347
SC908,162348
SC909,162349
SC910,162350
SC911,162351
SC912,162352
SC913,162353
SC914,162354
SC915,162355
SC916,162356
SC917,162357
SC918,162358
SC919,162359
SC920,162360
SC921,162361
SC922,162362
SC923,162363
SC924,162364
SC925,162365
SC926,162366
SC927,162367
SC928,162368
SC929,162369
SC930,162370
SC931,162371
SC932,162372
SC933,162373
SC934,162374
SC935,162375
SC936,162376
SC937,162377
SC938,162378
SC939,162379
SC940,162380
SC941,162381
SC942,162382
SC943,162383
SC944,162384
SC945,162385
SC946,162386
SC947,162387
SC948,162388
SC949,162389
SC950,162390
SC951,162391
SC952,162392
SC953,162393
SC954,162394
SC955,162395
SC956,162396
SC957,162397
SC958,162398
SC959,162399
SC960,162400
SC961,162401
SC962,162402
SC963,162403
SC964,162404
SC965,162405
SC966,162406
SC967,162407
SC968,162408
SC969,162409
SC970,162410
SC971,162411
SC972,162412
SC973,162413
SC974,162414
SC975,162415
SC976,162416
SC977,162417
SC978,162418
SC979,162419
SC980,162420
SC981,162421
SC982,162422
SC983,162423
SC984,162424
SC985,162425
SC986,162426
SC987,162427
SC988,162428
SC989,162429
SC990,162430
SC991,162431
SC992,162432
SC993,162433
SC994,162434
SC995,162435
SC996,162436
SC997,162437
SC998,162438
SC999,162439
SC1000,162440
DS1,400001
DS2,400002
DS3,400003
DS4,400004
DS5,400005
DS6,400006
DS7,400007
DS8,400008
DS9,400009
DS10,400010
DS11,400011
DS12,400012
DS13,400013
DS14,400014
DS15,400015
DS16,400016
DS17,400017
DS18,400018
DS19,400019
DS20,400020
DS21,400021
DS22,400022
DS23,400023
DS24,400024
DS25,400025
DS26,400026
DS27,400027
DS28,400028
DS29,400029
DS30,400030
DS31,400031
DS32,400032
DS33,400033
DS34,400034
DS35,400035
DS36,400036
DS37,400037
DS38,400038
DS39,400039
DS40,400040
DS41,400041
DS42,400042
DS43,400043
DS44,400044
DS45,400045
DS46,400046
DS47,400047
DS48,400048
DS49,400049
DS50,400050
DS51,400051
DS52,400052
DS53,400053
DS54,400054
DS55,400055
DS56,400056
DS57,400057
DS58,400058
DS59,400059
DS60,400060
DS61,400061
DS62,400062
DS63,400063
DS64,400064
DS65,400065
DS66,400066
DS67,400067
DS68,400068
DS69,400069
DS70,400070
DS71,400071
DS72,400072
DS73,400073
DS74,400074
DS75,400075
DS76,400076
DS77,400077
DS78,400078
DS79,400079
DS80,400080
DS81,400081
DS82,400082
DS83,400083
DS84,400084
DS85,400085
DS86,400086
DS87,400087
DS88,400088
DS89,400089
DS90,400090
DS91,400091
DS92,400092
DS93,400093
DS94,400094
DS95,400095
DS96,400096
DS97,400097
DS98,400098
DS99,400099
DS100,400100
DS101,400101
DS102,400102
DS103,400103
DS104,400104
DS105,400105
DS106,400106
DS107,400107
DS108,400108
DS109,400109
DS110,400110
DS111,400111
DS112,400112
DS113,400113
DS114,400114
DS115,400115
DS116,400116
DS117,400117
DS118,400118
DS119,400119
DS120,400120
DS121,400121
DS122,400122
DS123,400123
DS124,400124
DS125,400125
DS126,400126
DS127,400127
DS128,400128
DS129,400129
DS130,400130
DS131,400131
DS132,400132
DS133,400133
DS134,400134
DS135,400135
DS136,400136
DS137,400137
DS138,400138
DS139,400139
DS140,400140
DS141,400141
DS142,400142
DS143,400143
DS144,400144
DS145,400145
DS146,400146
DS147,400147
DS148,400148
DS149,400149
DS150,400150
DS151,400151
DS152,400152
DS153,400153
DS154,400154
DS155,400155
DS156,400156
DS157,400157
DS158,400158
DS159,400159
DS160,400160
DS161,400161
DS162,400162
DS163,400163
DS164,400164
DS165,400165
DS166,400166
DS167,400167
DS168,400168
DS169,400169
DS170,400170
DS171,400171
DS172,400172
DS173,400173
DS174,400174
DS175,400175
DS176,400176
DS177,400177
DS178,400178
DS179,400179
DS180,400180
DS181,400181
DS182,400182
DS183,400183
DS184,400184
DS185,400185
DS186,400186
DS187,400187
DS188,400188
DS189,400189
DS190,400190
DS191,400191
DS192,400192
DS193,400193
DS194,400194
DS195,400195
DS196,400196
DS197,400197
DS198,400198
DS199,400199
DS200,400200
DS201,400201
DS202,400202
DS203,400203
DS204,400204
DS205,400205
DS206,400206
DS207,400207
DS208,400208
DS209,400209
DS210,400210
DS211,400211
DS212,400212
DS213,400213
DS214,400214
DS215,400215
DS216,400216
DS217,400217
DS218,400218
DS219,400219
DS220,400220
DS221,400221
DS222,400222
DS223,400223
DS224,400224
DS225,400225
DS226,400226
DS227,400227
DS228,400228
DS229,400229
DS230,400230
DS231,400231
DS232,400232
DS233,400233
DS234,400234
DS235,400235
DS236,400236
DS237,400237
DS238,400238
DS239,400239
DS240,400240
DS241,400241
DS242,400242
DS243,400243
DS244,400244
DS245,400245
DS246,400246
DS247,400247
DS248,400248
DS249,400249
DS250,400250
DS251,400251
DS252,400252
DS253,400253
DS254,400254
DS255,400255
DS256,400256
DS257,400257
DS258,400258
DS259,400259
DS260,400260
DS261,400261
DS262,400262
DS263,400263
DS264,400264
DS265,400265
DS266,400266
DS267,400267
DS268,400268
DS269,400269
DS270,400270
DS271,400271
DS272,400272
DS273,400273
DS274,400274
DS275,400275
DS276,400276
DS277,400277
DS278,400278
DS279,400279
DS280,400280
DS281,400281
DS282,400282
DS283,400283
DS284,400284
DS285,400285
DS286,400286
DS287,400287
DS288,400288
DS289,400289
DS290,400290
DS291,400291
DS292,400292
DS293,400293
DS294,400294
DS295,400295
DS296,400296
DS297,400297
DS298,400298
DS299,400299
DS300,400300
DS301,400301
DS302,400302
DS303,400303
DS304,400304
DS305,400305
DS306,400306
DS307,400307
DS308,400308
DS309,400309
DS310,400310
DS311,400311
DS312,400312
DS313,400313
DS314,400314
DS315,400315
DS316,400316
DS317,400317
DS318,400318
DS319,400319
DS320,400320
DS321,400321
DS322,400322
DS323,400323
DS324,400324
DS325,400325
DS326,400326
DS327,400327
DS328,400328
DS329,400329
DS330,400330
DS331,400331
DS332,400332
DS333,400333
DS334,400334
DS335,400335
DS336,400336
DS337,400337
DS338,400338
DS339,400339
DS340,400340
DS341,400341
DS342,400342
DS343,400343
DS344,400344
DS345,400345
DS346,400346
DS347,400347
DS348,400348
DS349,400349
DS350,400350
DS351,400351
DS352,400352
DS353,400353
DS354,400354
DS355,400355
DS356,400356
DS357,400357
DS358,400358
DS359,400359
DS360,400360
DS361,400361
DS362,400362
DS363,400363
DS364,400364
DS365,400365
DS366,400366
DS367,400367
DS368,400368
DS369,400369
DS370,400370
DS371,400371
DS372,400372
DS373,400373
DS374,400374
DS375,400375
DS376,400376
DS377,400377
DS378,400378
DS379,400379
DS380,400380
DS381,400381
DS382,400382
DS383,400383
DS384,400384
DS385,400385
DS386,400386
DS387,400387
DS388,400388
DS389,400389
DS390,400390
DS391,400391
DS392,400392
DS393,400393
DS394,400394
DS395,400395
DS396,400396
DS397,400397
DS398,400398
DS399,400399
DS400,400400
DS401,400401
DS402,400402
DS403,400403
DS404,400404
DS405,400405
DS406,400406
DS407,400407
DS408,400408
DS409,400409
DS410,400410
DS411,400411
DS412,400412
DS413,400413
DS414,400414
DS415,400415
DS416,400416
DS417,400417
DS418,400418
DS419,400419
DS420,400420
DS421,400421
DS422,400422
DS423,400423
DS424,400424
DS425,400425
DS426,400426
DS427,400427
DS428,400428
DS429,400429
DS430,400430
DS431,400431
DS432,400432
DS433,400433
DS434,400434
DS435,400435
DS436,400436
DS437,400437
DS438,400438
DS439,400439
DS440,400440
DS441,400441
DS442,400442
DS443,400443
DS444,400444
DS445,400445
DS446,400446
DS447,400447
DS448,400448
DS449,400449
DS450,400450
DS451,400451
DS452,400452
DS453,400453
DS454,400454
DS455,400455
DS456,400456
DS457,400457
DS458,400458
DS459,400459
DS460,400460
DS461,400461
DS462,400462
DS463,400463
DS464,400464
DS465,400465
DS466,400466
DS467,400467
DS468,400468
DS469,400469
DS470,400470
DS471,400471
DS472,400472
DS473,400473
DS474,400474
DS475,400475
DS476,400476
DS477,400477
DS478,400478
DS479,400479
DS480,400480
DS481,400481
DS482,400482
DS483,400483
DS484,400484
DS485,400485
DS486,400486
DS487,400487
DS488,400488
DS489,400489
DS490,400490
DS491,400491
DS492,400492
DS493,400493
DS494,400494
DS495,400495
DS496,400496
DS497,400497
DS498,400498
DS499,400499
DS500,400500
DS501,400501
DS502,400502
DS503,400503
DS504,400504
DS505,400505
DS506,400506
DS507,400507
DS508,400508
DS509,400509
DS510,400510
DS511,400511
DS512,400512
DS513,400513
DS514,400514
DS515,400515
DS516,400516
DS517,400517
DS518,400518
DS519,400519
DS520,400520
DS521,400521
DS522,400522
DS523,400523
DS524,400524
DS525,400525
DS526,400526
DS527,400527
DS528,400528
DS529,400529
DS530,400530
DS531,400531
DS532,400532
DS533,400533
DS534,400534
DS535,400535
DS536,400536
DS537,400537
DS538,400538
DS539,400539
DS540,400540
DS541,400541
DS542,400542
DS543,400543
DS544,400544
DS545,400545
DS546,400546
DS547,400547
DS548,400548
DS549,400549
DS550,400550
DS551,400551
DS552,400552
DS553,400553
DS554,400554
DS555,400555
DS556,400556
DS557,400557
DS558,400558
DS559,400559
DS560,400560
DS561,400561
DS562,400562
DS563,400563
DS564,400564
DS565,400565
DS566,400566
DS567,400567
DS568,400568
DS569,400569
DS570,400570
DS571,400571
DS572,400572
DS573,400573
DS574,400574
DS575,400575
DS576,400576
DS577,400577
DS578,400578
DS579,400579
DS580,400580
DS581,400581
DS582,400582
DS583,400583
DS584,400584
DS585,400585
DS586,400586
DS587,400587
DS588,400588
DS589,400589
DS590,400590
DS591,400591
DS592,400592
DS593,400593
DS594,400594
DS595,400595
DS596,400596
DS597,400597
DS598,400598
DS599,400599
DS600,400600
DS601,400601
DS602,400602
DS603,400603
DS604,400604
DS605,400605
DS606,400606
DS607,400607
DS608,400608
DS609,400609
DS610,400610
DS611,400611
DS612,400612
DS613,400613
DS614,400614
DS615,400615
DS616,400616
DS617,400617
DS618,400618
DS619,400619
DS620,400620
DS621,400621
DS622,400622
DS623,400623
DS624,400624
DS625,400625
DS626,400626
DS627,400627
DS628,400628
DS629,400629
DS630,400630
DS631,400631
DS632,400632
DS633,400633
DS634,400634
DS635,400635
DS636,400636
DS637,400637
DS638,400638
DS639,400639
DS640,400640
DS641,400641
DS642,400642
DS643,400643
DS644,400644
DS645,400645
DS646,400646
DS647,400647
DS648,400648
DS649,400649
DS650,400650
DS651,400651
DS652,400652
DS653,400653
DS654,400654
DS655,400655
DS656,400656
DS657,400657
DS658,400658
DS659,400659
DS660,400660
DS661,400661
DS662,400662
DS663,400663
DS664,400664
DS665,400665
DS666,400666
DS667,400667
DS668,400668
DS669,400669
DS670,400670
DS671,400671
DS672,400672
DS673,400673
DS674,400674
DS675,400675
DS676,400676
DS677,400677
DS678,400678
DS679,400679
DS680,400680
DS681,400681
DS682,400682
DS683,400683
DS684,400684
DS685,400685
DS686,400686
DS687,400687
DS688,400688
DS689,400689
DS690,400690
DS691,400691
DS692,400692
DS693,400693
DS694,400694
DS695,400695
DS696,400696
DS697,400697
DS698,400698
DS699,400699
DS700,400700
DS701,400701
DS702,400702
DS703,400703
DS704,400704
DS705,400705
DS706,400706
DS707,400707
DS708,400708
DS709,400709
DS710,400710
DS711,400711
DS712,400712
DS713,400713
DS714,400714
DS715,400715
DS716,400716
DS717,400717
DS718,400718
DS719,400719
DS720,400720
DS721,400721
DS722,400722
DS723,400723
DS724,400724
DS725,400725
DS726,400726
DS727,400727
DS728,400728
DS729,400729
DS730,400730
DS731,400731
DS732,400732
DS733,400733
DS734,400734
DS735,400735
DS736,400736
DS737,400737
DS738,400738
DS739,400739
DS740,400740
DS741,400741
DS742,400742
DS743,400743
DS744,400744
DS745,400745
DS746,400746
DS747,400747
DS748,400748
DS749,400749
DS750,400750
DS751,400751
DS752,400752
DS753,400753
DS754,400754
DS755,400755
DS756,400756
DS757,400757
DS758,400758
DS759,400759
DS760,400760
DS761,400761
DS762,400762
DS763,400763
DS764,400764
DS765,400765
DS766,400766
DS767,400767
DS768,400768
DS769,400769
DS770,400770
DS771,400771
DS772,400772
DS773,400773
DS774,400774
DS775,400775
DS776,400776
DS777,400777
DS778,400778
DS779,400779
DS780,400780
DS781,400781
DS782,400782
DS783,400783
DS784,400784
DS785,400785
DS786,400786
DS787,400787
DS788,400788
DS789,400789
DS790,400790
DS791,400791
DS792,400792
DS793,400793
DS794,400794
DS795,400795
DS796,400796
DS797,400797
DS798,400798
DS799,400799
DS800,400800
DS801,400801
DS802,400802
DS803,400803
DS804,400804
DS805,400805
DS806,400806
DS807,400807
DS808,400808
DS809,400809
DS810,400810
DS811,400811
DS812,400812
DS813,400813
DS814,400814
DS815,400815
DS816,400816
DS817,400817
DS818,400818
DS819,400819
DS820,400820
DS821,400821
DS822,400822
DS823,400823
DS824,400824
DS825,400825
DS826,400826
DS827,400827
DS828,400828
DS829,400829
DS830,400830
DS831,400831
DS832,400832
DS833,400833
DS834,400834
DS835,400835
DS836,400836
DS837,400837
DS838,400838
DS839,400839
DS840,400840
DS841,400841
DS842,400842
DS843,400843
DS844,400844
DS845,400845
DS846,400846
DS847,400847
DS848,400848
DS849,400849
DS850,400850
DS851,400851
DS852,400852
DS853,400853
DS854,400854
DS855,400855
DS856,400856
DS857,400857
DS858,400858
DS859,400859
DS860,400860
DS861,400861
DS862,400862
DS863,400863
DS864,400864
DS865,400865
DS866,400866
DS867,400867
DS868,400868
DS869,400869
DS870,400870
DS871,400871
DS872,400872
DS873,400873
DS874,400874
DS875,400875
DS876,400876
DS877,400877
DS878,400878
DS879,400879
DS880,400880
DS881,400881
DS882,400882
DS883,400883
DS884,400884
DS885,400885
DS886,400886
DS887,400887
DS888,400888
DS889,400889
DS890,400890
DS891,400891
DS892,400892
DS893,400893
DS894,400894
DS895,400895
DS896,400896
DS897,400897
DS898,400898
DS899,400899
DS900,400900
DS901,400901
DS902,400902
DS903,400903
DS904,400904
DS905,400905
DS906,400906
DS907,400907
DS908,400908
DS909,400909
DS910,400910
DS911,400911
DS912,400912
DS913,400913
DS914,400914
DS915,400915
DS916,400916
DS917,400917
DS918,400918
DS919,400919
DS920,400920
DS921,400921
DS922,400922
DS923,400923
DS924,400924
DS925,400925
DS926,400926
DS927,400927
DS928,400928
DS929,400929
DS930,400930
DS931,400931
DS932,400932
DS933,400933
DS934,400934
DS935,400935
DS936,400936
DS937,400937
DS938,400938
DS939,400939
DS940,400940
DS941,400941
DS942,400942
DS943,400943
DS944,400944
DS945,400945
DS946,400946
DS947,400947
DS948,400948
DS949,400949
DS950,400950
DS951,400951
DS952,400952
DS953,400953
DS954,400954
DS955,400955
DS956,400956
DS957,400957
DS958,400958
DS959,400959
DS960,400960
DS961,400961
DS962,400962
DS963,400963
DS964,400964
DS965,400965
DS966,400966
DS967,400967
DS968,400968
DS969,400969
DS970,400970
DS971,400971
DS972,400972
DS973,400973
DS974,400974
DS975,400975
DS976,400976
DS977,400977
DS978,400978
DS979,400979
DS980,400980
DS981,400981
DS982,400982
DS983,400983
DS984,400984
DS985,400985
DS986,400986
DS987,400987
DS988,400988
DS989,400989
DS990,400990
DS991,400991
DS992,400992
DS993,400993
DS994,400994
DS995,400995
DS996,400996
DS997,400997
DS998,400998
DS999,400999
DS1000,401000
DS1001,401001
DS1002,401002
DS1003,401003
DS1004,401004
DS1005,401005
DS1006,401006
DS1007,401007
DS1008,401008
DS1009,401009
DS1010,401010
DS1011,401011
DS1012,401012
DS1013,401013
DS1014,401014
DS1015,401015
DS1016,401016
DS1017,401017
DS1018,401018
DS1019,401019
DS1020,401020
DS1021,401021
DS1022,401022
DS1023,401023
DS1024,401024
DS1025,401025
DS1026,401026
DS1027,401027
DS1028,401028
DS1029,401029
DS1030,401030
DS1031,401031
DS1032,401032
DS1033,401033
DS1034,401034
DS1035,401035
DS1036,401036
DS1037,401037
DS1038,401038
DS1039,401039
DS1040,401040
DS1041,401041
DS1042,401042
DS1043,401043
DS1044,401044
DS1045,401045
DS1046,401046
DS1047,401047
DS1048,401048
DS1049,401049
DS1050,401050
DS1051,401051
DS1052,401052
DS1053,401053
DS1054,401054
DS1055,401055
DS1056,401056
DS1057,401057
DS1058,401058
DS1059,401059
DS1060,401060
DS1061,401061
DS1062,401062
DS1063,401063
DS1064,401064
DS1065,401065
DS1066,401066
DS1067,401067
DS1068,401068
DS1069,401069
DS1070,401070
DS1071,401071
DS1072,401072
DS1073,401073
DS1074,401074
DS1075,401075
DS1076,401076
DS1077,401077
DS1078,401078
DS1079,401079
DS1080,401080
DS1081,401081
DS1082,401082
DS1083,401083
DS1084,401084
DS1085,401085
DS1086,401086
DS1087,401087
DS1088,401088
DS1089,401089
DS1090,401090
DS1091,401091
DS1092,401092
DS1093,401093
DS1094,401094
DS1095,401095
DS1096,401096
DS1097,401097
DS1098,401098
DS1099,401099
DS1100,401100
DS1101,401101
DS1102,401102
DS1103,401103
DS1104,401104
DS1105,401105
DS1106,401106
DS1107,401107
DS1108,401108
DS1109,401109
DS1110,401110
DS1111,401111
DS1112,401112
DS1113,401113
DS1114,401114
DS1115,401115
DS1116,401116
DS1117,401117
DS1118,401118
DS1119,401119
DS1120,401120
DS1121,401121
DS1122,401122
DS1123,401123
DS1124,401124
DS1125,401125
DS1126,401126
DS1127,401127
DS1128,401128
DS1129,401129
DS1130,401130
DS1131,401131
DS1132,401132
DS1133,401133
DS1134,401134
DS1135,401135
DS1136,401136
DS1137,401137
DS1138,401138
DS1139,401139
DS1140,401140
DS1141,401141
DS1142,401142
DS1143,401143
DS1144,401144
DS1145,401145
DS1146,401146
DS1147,401147
DS1148,401148
DS1149,401149
DS1150,401150
DS1151,401151
DS1152,401152
DS1153,401153
DS1154,401154
DS1155,401155
DS1156,401156
DS1157,401157
DS1158,401158
DS1159,401159
DS1160,401160
DS1161,401161
DS1162,401162
DS1163,401163
DS1164,401164
DS1165,401165
DS1166,401166
DS1167,401167
DS1168,401168
DS1169,401169
DS1170,401170
DS1171,401171
DS1172,401172
DS1173,401173
DS1174,401174
DS1175,401175
DS1176,401176
DS1177,401177
DS1178,401178
DS1179,401179
DS1180,401180
DS1181,401181
DS1182,401182
DS1183,401183
DS1184,401184
DS1185,401185
DS1186,401186
DS1187,401187
DS1188,401188
DS1189,401189
DS1190,401190
DS1191,401191
DS1192,401192
DS1193,401193
DS1194,401194
DS1195,401195
DS1196,401196
DS1197,401197
DS1198,401198
DS1199,401199
DS1200,401200
DS1201,401201
DS1202,401202
DS1203,401203
DS1204,401204
DS1205,401205
DS1206,401206
DS1207,401207
DS1208,401208
DS1209,401209
DS1210,401210
DS1211,401211
DS1212,401212
DS1213,401213
DS1214,401214
DS1215,401215
DS1216,401216
DS1217,401217
DS1218,401218
DS1219,401219
DS1220,401220
DS1221,401221
DS1222,401222
DS1223,401223
DS1224,401224
DS1225,401225
DS1226,401226
DS1227,401227
DS1228,401228
DS1229,401229
DS1230,401230
DS1231,401231
DS1232,401232
DS1233,401233
DS1234,401234
DS1235,401235
DS1236,401236
DS1237,401237
DS1238,401238
DS1239,401239
DS1240,401240
DS1241,401241
DS1242,401242
DS1243,401243
DS1244,401244
DS1245,401245
DS1246,401246
DS1247,401247
DS1248,401248
DS1249,401249
DS1250,401250
DS1251,401251
DS1252,401252
DS1253,401253
DS1254,401254
DS1255,401255
DS1256,401256
DS1257,401257
DS1258,401258
DS1259,401259
DS1260,401260
DS1261,401261
DS1262,401262
DS1263,401263
DS1264,401264
DS1265,401265
DS1266,401266
DS1267,401267
DS1268,401268
DS1269,401269
DS1270,401270
DS1271,401271
DS1272,401272
DS1273,401273
DS1274,401274
DS1275,401275
DS1276,401276
DS1277,401277
DS1278,401278
DS1279,401279
DS1280,401280
DS1281,401281
DS1282,401282
DS1283,401283
DS1284,401284
DS1285,401285
DS1286,401286
DS1287,401287
DS1288,401288
DS1289,401289
DS1290,401290
DS1291,401291
DS1292,401292
DS1293,401293
DS1294,401294
DS1295,401295
DS1296,401296
DS1297,401297
DS1298,401298
DS1299,401299
DS1300,401300
DS1301,401301
DS1302,401302
DS1303,401303
DS1304,401304
DS1305,401305
DS1306,401306
DS1307,401307
DS1308,401308
DS1309,401309
DS1310,401310
DS1311,401311
DS1312,401312
DS1313,401313
DS1314,401314
DS1315,401315
DS1316,401316
DS1317,401317
DS1318,401318
DS1319,401319
DS1320,401320
DS1321,401321
DS1322,401322
DS1323,401323
DS1324,401324
DS1325,401325
DS1326,401326
DS1327,401327
DS1328,401328
DS1329,401329
DS1330,401330
DS1331,401331
DS1332,401332
DS1333,401333
DS1334,401334
DS1335,401335
DS1336,401336
DS1337,401337
DS1338,401338
DS1339,401339
DS1340,401340
DS1341,401341
DS1342,401342
DS1343,401343
DS1344,401344
DS1345,401345
DS1346,401346
DS1347,401347
DS1348,401348
DS1349,401349
DS1350,401350
DS1351,401351
DS1352,401352
DS1353,401353
DS1354,401354
DS1355,401355
DS1356,401356
DS1357,401357
DS1358,401358
DS1359,401359
DS1360,401360
DS1361,401361
DS1362,401362
DS1363,401363
DS1364,401364
DS1365,401365
DS1366,401366
DS1367,401367
DS1368,401368
DS1369,401369
DS1370,401370
DS1371,401371
DS1372,401372
DS1373,401373
DS1374,401374
DS1375,401375
DS1376,401376
DS1377,401377
DS1378,401378
DS1379,401379
DS1380,401380
DS1381,401381
DS1382,401382
DS1383,401383
DS1384,401384
DS1385,401385
DS1386,401386
DS1387,401387
DS1388,401388
DS1389,401389
DS1390,401390
DS1391,401391
DS1392,401392
DS1393,401393
DS1394,401394
DS1395,401395
DS1396,401396
DS1397,401397
DS1398,401398
DS1399,401399
DS1400,401400
DS1401,401401
DS1402,401402
DS1403,401403
DS1404,401404
DS1405,401405
DS1406,401406
DS1407,401407
DS1408,401408
DS1409,401409
DS1410,401410
DS1411,401411
DS1412,401412
DS1413,401413
DS1414,401414
DS1415,401415
DS1416,401416
DS1417,401417
DS1418,401418
DS1419,401419
DS1420,401420
DS1421,401421
DS1422,401422
DS1423,401423
DS1424,401424
DS1425,401425
DS1426,401426
DS1427,401427
DS1428,401428
DS1429,401429
DS1430,401430
DS1431,401431
DS1432,401432
DS1433,401433
DS1434,401434
DS1435,401435
DS1436,401436
DS1437,401437
DS1438,401438
DS1439,401439
DS1440,401440
DS1441,401441
DS1442,401442
DS1443,401443
DS1444,401444
DS1445,401445
DS1446,401446
DS1447,401447
DS1448,401448
DS1449,401449
DS1450,401450
DS1451,401451
DS1452,401452
DS1453,401453
DS1454,401454
DS1455,401455
DS1456,401456
DS1457,401457
DS1458,401458
DS1459,401459
DS1460,401460
DS1461,401461
DS1462,401462
DS1463,401463
DS1464,401464
DS1465,401465
DS1466,401466
DS1467,401467
DS1468,401468
DS1469,401469
DS1470,401470
DS1471,401471
DS1472,401472
DS1473,401473
DS1474,401474
DS1475,401475
DS1476,401476
DS1477,401477
DS1478,401478
DS1479,401479
DS1480,401480
DS1481,401481
DS1482,401482
DS1483,401483
DS1484,401484
DS1485,401485
DS1486,401486
DS1487,401487
DS1488,401488
DS1489,401489
DS1490,401490
DS1491,401491
DS1492,401492
DS1493,401493
DS1494,401494
DS1495,401495
DS1496,401496
DS1497,401497
DS1498,401498
DS1499,401499
DS1500,401500
DS1501,401501
DS1502,401502
DS1503,401503
DS1504,401504
DS1505,401505
DS1506,401506
DS1507,401507
DS1508,401508
DS1509,401509
DS1510,401510
DS1511,401511
DS1512,401512
DS1513,401513
DS1514,401514
DS1515,401515
DS1516,401516
DS1517,401517
DS1518,401518
DS1519,401519
DS1520,401520
DS1521,401521
DS1522,401522
DS1523,401523
DS1524,401524
DS1525,401525
DS1526,401526
DS1527,401527
DS1528,401528
DS1529,401529
DS1530,401530
DS1531,401531
DS1532,401532
DS1533,401533
DS1534,401534
DS1535,401535
DS1536,401536
DS1537,401537
DS1538,401538
DS1539,401539
DS1540,401540
DS1541,401541
DS1542,401542
DS1543,401543
DS1544,401544
DS1545,401545
DS1546,401546
DS1547,401547
DS1548,401548
DS1549,401549
DS1550,401550
DS1551,401551
DS1552,401552
DS1553,401553
DS1554,401554
DS1555,401555
DS1556,401556
DS1557,401557
DS1558,401558
DS1559,401559
DS1560,401560
DS1561,401561
DS1562,401562
DS1563,401563
DS1564,401564
DS1565,401565
DS1566,401566
DS1567,401567
DS1568,401568
DS1569,401569
DS1570,401570
DS1571,401571
DS1572,401572
DS1573,401573
DS1574,401574
DS1575,401575
DS1576,401576
DS1577,401577
DS1578,401578
DS1579,401579
DS1580,401580
DS1581,401581
DS1582,401582
DS1583,401583
DS1584,401584
DS1585,401585
DS1586,401586
DS1587,401587
DS1588,401588
DS1589,401589
DS1590,401590
DS1591,401591
DS1592,401592
DS1593,401593
DS1594,401594
DS1595,401595
DS1596,401596
DS1597,401597
DS1598,401598
DS1599,401599
DS1600,401600
DS1601,401601
DS1602,401602
DS1603,401603
DS1604,401604
DS1605,401605
DS1606,401606
DS1607,401607
DS1608,401608
DS1609,401609
DS1610,401610
DS1611,401611
DS1612,401612
DS1613,401613
DS1614,401614
DS1615,401615
DS1616,401616
DS1617,401617
DS1618,401618
DS1619,401619
DS1620,401620
DS1621,401621
DS1622,401622
DS1623,401623
DS1624,401624
DS1625,401625
DS1626,401626
DS1627,401627
DS1628,401628
DS1629,401629
DS1630,401630
DS1631,401631
DS1632,401632
DS1633,401633
DS1634,401634
DS1635,401635
DS1636,401636
DS1637,401637
DS1638,401638
DS1639,401639
DS1640,401640
DS1641,401641
DS1642,401642
DS1643,401643
DS1644,401644
DS1645,401645
DS1646,401646
DS1647,401647
DS1648,401648
DS1649,401649
DS1650,401650
DS1651,401651
DS1652,401652
DS1653,401653
DS1654,401654
DS1655,401655
DS1656,401656
DS1657,401657
DS1658,401658
DS1659,401659
DS1660,401660
DS1661,401661
DS1662,401662
DS1663,401663
DS1664,401664
DS1665,401665
DS1666,401666
DS1667,401667
DS1668,401668
DS1669,401669
DS1670,401670
DS1671,401671
DS1672,401672
DS1673,401673
DS1674,401674
DS1675,401675
DS1676,401676
DS1677,401677
DS1678,401678
DS1679,401679
DS1680,401680
DS1681,401681
DS1682,401682
DS1683,401683
DS1684,401684
DS1685,401685
DS1686,401686
DS1687,401687
DS1688,401688
DS1689,401689
DS1690,401690
DS1691,401691
DS1692,401692
DS1693,401693
DS1694,401694
DS1695,401695
DS1696,401696
DS1697,401697
DS1698,401698
DS1699,401699
DS1700,401700
DS1701,401701
DS1702,401702
DS1703,401703
DS1704,401704
DS1705,401705
DS1706,401706
DS1707,401707
DS1708,401708
DS1709,401709
DS1710,401710
DS1711,401711
DS1712,401712
DS1713,401713
DS1714,401714
DS1715,401715
DS1716,401716
DS1717,401717
DS1718,401718
DS1719,401719
DS1720,401720
DS1721,401721
DS1722,401722
DS1723,401723
DS1724,401724
DS1725,401725
DS1726,401726
DS1727,401727
DS1728,401728
DS1729,401729
DS1730,401730
DS1731,401731
DS1732,401732
DS1733,401733
DS1734,401734
DS1735,401735
DS1736,401736
DS1737,401737
DS1738,401738
DS1739,401739
DS1740,401740
DS1741,401741
DS1742,401742
DS1743,401743
DS1744,401744
DS1745,401745
DS1746,401746
DS1747,401747
DS1748,401748
DS1749,401749
DS1750,401750
DS1751,401751
DS1752,401752
DS1753,401753
DS1754,401754
DS1755,401755
DS1756,401756
DS1757,401757
DS1758,401758
DS1759,401759
DS1760,401760
DS1761,401761
DS1762,401762
DS1763,401763
DS1764,401764
DS1765,401765
DS1766,401766
DS1767,401767
DS1768,401768
DS1769,401769
DS1770,401770
DS1771,401771
DS1772,401772
DS1773,401773
DS1774,401774
DS1775,401775
DS1776,401776
DS1777,401777
DS1778,401778
DS1779,401779
DS1780,401780
DS1781,401781
DS1782,401782
DS1783,401783
DS1784,401784
DS1785,401785
DS1786,401786
DS1787,401787
DS1788,401788
DS1789,401789
DS1790,401790
DS1791,401791
DS1792,401792
DS1793,401793
DS1794,401794
DS1795,401795
DS1796,401796
DS1797,401797
DS1798,401798
DS1799,401799
DS1800,401800
DS1801,401801
DS1802,401802
DS1803,401803
DS1804,401804
DS1805,401805
DS1806,401806
DS1807,401807
DS1808,401808
DS1809,401809
DS1810,401810
DS1811,401811
DS1812,401812
DS1813,401813
DS1814,401814
DS1815,401815
DS1816,401816
DS1817,401817
DS1818,401818
DS1819,401819
DS1820,401820
DS1821,401821
DS1822,401822
DS1823,401823
DS1824,401824
DS1825,401825
DS1826,401826
DS1827,401827
DS1828,401828
DS1829,401829
DS1830,401830
DS1831,401831
DS1832,401832
DS1833,401833
DS1834,401834
DS1835,401835
DS1836,401836
DS1837,401837
DS1838,401838
DS1839,401839
DS1840,401840
DS1841,401841
DS1842,401842
DS1843,401843
DS1844,401844
DS1845,401845
DS1846,401846
DS1847,401847
DS1848,401848
DS1849,401849
DS1850,401850
DS1851,401851
DS1852,401852
DS1853,401853
DS1854,401854
DS1855,401855
DS1856,401856
DS1857,401857
DS1858,401858
DS1859,401859
DS1860,401860
DS1861,401861
DS1862,401862
DS1863,401863
DS1864,401864
DS1865,401865
DS1866,401866
DS1867,401867
DS1868,401868
DS1869,401869
DS1870,401870
DS1871,401871
DS1872,401872
DS1873,401873
DS1874,401874
DS1875,401875
DS1876,401876
DS1877,401877
DS1878,401878
DS1879,401879
DS1880,401880
DS1881,401881
DS1882,401882
DS1883,401883
DS1884,401884
DS1885,401885
DS1886,401886
DS1887,401887
DS1888,401888
DS1889,401889
DS1890,401890
DS1891,401891
DS1892,401892
DS1893,401893
DS1894,401894
DS1895,401895
DS1896,401896
DS1897,401897
DS1898,401898
DS1899,401899
DS1900,401900
DS1901,401901
DS1902,401902
DS1903,401903
DS1904,401904
DS1905,401905
DS1906,401906
DS1907,401907
DS1908,401908
DS1909,401909
DS1910,401910
DS1911,401911
DS1912,401912
DS1913,401913
DS1914,401914
DS1915,401915
DS1916,401916
DS1917,401917
DS1918,401918
DS1919,401919
DS1920,401920
DS1921,401921
DS1922,401922
DS1923,401923
DS1924,401924
DS1925,401925
DS1926,401926
DS1927,401927
DS1928,401928
DS1929,401929
DS1930,401930
DS1931,401931
DS1932,401932
DS1933,401933
DS1934,401934
DS1935,401935
DS1936,401936
DS1937,401937
DS1938,401938
DS1939,401939
DS1940,401940
DS1941,401941
DS1942,401942
DS1943,401943
DS1944,401944
DS1945,401945
DS1946,401946
DS1947,401947
DS1948,401948
DS1949,401949
DS1950,401950
DS1951,401951
DS1952,401952
DS1953,401953
DS1954,401954
DS1955,401955
DS1956,401956
DS1957,401957
DS1958,401958
DS1959,401959
DS1960,401960
DS1961,401961
DS1962,401962
DS1963,401963
DS1964,401964
DS1965,401965
DS1966,401966
DS1967,401967
DS1968,401968
DS1969,401969
DS1970,401970
DS1971,401971
DS1972,401972
DS1973,401973
DS1974,401974
DS1975,401975
DS1976,401976
DS1977,401977
DS1978,401978
DS1979,401979
DS1980,401980
DS1981,401981
DS1982,401982
DS1983,401983
DS1984,401984
DS1985,401985
DS1986,401986
DS1987,401987
DS1988,401988
DS1989,401989
DS1990,401990
DS1991,401991
DS1992,401992
DS1993,401993
DS1994,401994
DS1995,401995
DS1996,401996
DS1997,401997
DS1998,401998
DS1999,401999
DS2000,402000
DS2001,402001
DS2002,402002
DS2003,402003
DS2004,402004
DS2005,402005
DS2006,402006
DS2007,402007
DS2008,402008
DS2009,402009
DS2010,402010
DS2011,402011
DS2012,402012
DS2013,402013
DS2014,402014
DS2015,402015
DS2016,402016
DS2017,402017
DS2018,402018
DS2019,402019
DS2020,402020
DS2021,402021
DS2022,402022
DS2023,402023
DS2024,402024
DS2025,402025
DS2026,402026
DS2027,402027
DS2028,402028
DS2029,402029
DS2030,402030
DS2031,402031
DS2032,402032
DS2033,402033
DS2034,402034
DS2035,402035
DS2036,402036
DS2037,402037
DS2038,402038
DS2039,402039
DS2040,402040
DS2041,402041
DS2042,402042
DS2043,402043
DS2044,402044
DS2045,402045
DS2046,402046
DS2047,402047
DS2048,402048
DS2049,402049
DS2050,402050
DS2051,402051
DS2052,402052
DS2053,402053
DS2054,402054
DS2055,402055
DS2056,402056
DS2057,402057
DS2058,402058
DS2059,402059
DS2060,402060
DS2061,402061
DS2062,402062
DS2063,402063
DS2064,402064
DS2065,402065
DS2066,402066
DS2067,402067
DS2068,402068
DS2069,402069
DS2070,402070
DS2071,402071
DS2072,402072
DS2073,402073
DS2074,402074
DS2075,402075
DS2076,402076
DS2077,402077
DS2078,402078
DS2079,402079
DS2080,402080
DS2081,402081
DS2082,402082
DS2083,402083
DS2084,402084
DS2085,402085
DS2086,402086
DS2087,402087
DS2088,402088
DS2089,402089
DS2090,402090
DS2091,402091
DS2092,402092
DS2093,402093
DS2094,402094
DS2095,402095
DS2096,402096
DS2097,402097
DS2098,402098
DS2099,402099
DS2100,402100
DS2101,402101
DS2102,402102
DS2103,402103
DS2104,402104
DS2105,402105
DS2106,402106
DS2107,402107
DS2108,402108
DS2109,402109
DS2110,402110
DS2111,402111
DS2112,402112
DS2113,402113
DS2114,402114
DS2115,402115
DS2116,402116
DS2117,402117
DS2118,402118
DS2119,402119
DS2120,402120
DS2121,402121
DS2122,402122
DS2123,402123
DS2124,402124
DS2125,402125
DS2126,402126
DS2127,402127
DS2128,402128
DS2129,402129
DS2130,402130
DS2131,402131
DS2132,402132
DS2133,402133
DS2134,402134
DS2135,402135
DS2136,402136
DS2137,402137
DS2138,402138
DS2139,402139
DS2140,402140
DS2141,402141
DS2142,402142
DS2143,402143
DS2144,402144
DS2145,402145
DS2146,402146
DS2147,402147
DS2148,402148
DS2149,402149
DS2150,402150
DS2151,402151
DS2152,402152
DS2153,402153
DS2154,402154
DS2155,402155
DS2156,402156
DS2157,402157
DS2158,402158
DS2159,402159
DS2160,402160
DS2161,402161
DS2162,402162
DS2163,402163
DS2164,402164
DS2165,402165
DS2166,402166
DS2167,402167
DS2168,402168
DS2169,402169
DS2170,402170
DS2171,402171
DS2172,402172
DS2173,402173
DS2174,402174
DS2175,402175
DS2176,402176
DS2177,402177
DS2178,402178
DS2179,402179
DS2180,402180
DS2181,402181
DS2182,402182
DS2183,402183
DS2184,402184
DS2185,402185
DS2186,402186
DS2187,402187
DS2188,402188
DS2189,402189
DS2190,402190
DS2191,402191
DS2192,402192
DS2193,402193
DS2194,402194
DS2195,402195
DS2196,402196
DS2197,402197
DS2198,402198
DS2199,402199
DS2200,402200
DS2201,402201
DS2202,402202
DS2203,402203
DS2204,402204
DS2205,402205
DS2206,402206
DS2207,402207
DS2208,402208
DS2209,402209
DS2210,402210
DS2211,402211
DS2212,402212
DS2213,402213
DS2214,402214
DS2215,402215
DS2216,402216
DS2217,402217
DS2218,402218
DS2219,402219
DS2220,402220
DS2221,402221
DS2222,402222
DS2223,402223
DS2224,402224
DS2225,402225
DS2226,402226
DS2227,402227
DS2228,402228
DS2229,402229
DS2230,402230
DS2231,402231
DS2232,402232
DS2233,402233
DS2234,402234
DS2235,402235
DS2236,402236
DS2237,402237
DS2238,402238
DS2239,402239
DS2240,402240
DS2241,402241
DS2242,402242
DS2243,402243
DS2244,402244
DS2245,402245
DS2246,402246
DS2247,402247
DS2248,402248
DS2249,402249
DS2250,402250
DS2251,402251
DS2252,402252
DS2253,402253
DS2254,402254
DS2255,402255
DS2256,402256
DS2257,402257
DS2258,402258
DS2259,402259
DS2260,402260
DS2261,402261
DS2262,402262
DS2263,402263
DS2264,402264
DS2265,402265
DS2266,402266
DS2267,402267
DS2268,402268
DS2269,402269
DS2270,402270
DS2271,402271
DS2272,402272
DS2273,402273
DS2274,402274
DS2275,402275
DS2276,402276
DS2277,402277
DS2278,402278
DS2279,402279
DS2280,402280
DS2281,402281
DS2282,402282
DS2283,402283
DS2284,402284
DS2285,402285
DS2286,402286
DS2287,402287
DS2288,402288
DS2289,402289
DS2290,402290
DS2291,402291
DS2292,402292
DS2293,402293
DS2294,402294
DS2295,402295
DS2296,402296
DS2297,402297
DS2298,402298
DS2299,402299
DS2300,402300
DS2301,402301
DS2302,402302
DS2303,402303
DS2304,402304
DS2305,402305
DS2306,402306
DS2307,402307
DS2308,402308
DS2309,402309
DS2310,402310
DS2311,402311
DS2312,402312
DS2313,402313
DS2314,402314
DS2315,402315
DS2316,402316
DS2317,402317
DS2318,402318
DS2319,402319
DS2320,402320
DS2321,402321
DS2322,402322
DS2323,402323
DS2324,402324
DS2325,402325
DS2326,402326
DS2327,402327
DS2328,402328
DS2329,402329
DS2330,402330
DS2331,402331
DS2332,402332
DS2333,402333
DS2334,402334
DS2335,402335
DS2336,402336
DS2337,402337
DS2338,402338
DS2339,402339
DS2340,402340
DS2341,402341
DS2342,402342
DS2343,402343
DS2344,402344
DS2345,402345
DS2346,402346
DS2347,402347
DS2348,402348
DS2349,402349
DS2350,402350
DS2351,402351
DS2352,402352
DS2353,402353
DS2354,402354
DS2355,402355
DS2356,402356
DS2357,402357
DS2358,402358
DS2359,402359
DS2360,402360
DS2361,402361
DS2362,402362
DS2363,402363
DS2364,402364
DS2365,402365
DS2366,402366
DS2367,402367
DS2368,402368
DS2369,402369
DS2370,402370
DS2371,402371
DS2372,402372
DS2373,402373
DS2374,402374
DS2375,402375
DS2376,402376
DS2377,402377
DS2378,402378
DS2379,402379
DS2380,402380
DS2381,402381
DS2382,402382
DS2383,402383
DS2384,402384
DS2385,402385
DS2386,402386
DS2387,402387
DS2388,402388
DS2389,402389
DS2390,402390
DS2391,402391
DS2392,402392
DS2393,402393
DS2394,402394
DS2395,402395
DS2396,402396
DS2397,402397
DS2398,402398
DS2399,402399
DS2400,402400
DS2401,402401
DS2402,402402
DS2403,402403
DS2404,402404
DS2405,402405
DS2406,402406
DS2407,402407
DS2408,402408
DS2409,402409
DS2410,402410
DS2411,402411
DS2412,402412
DS2413,402413
DS2414,402414
DS2415,402415
DS2416,402416
DS2417,402417
DS2418,402418
DS2419,402419
DS2420,402420
DS2421,402421
DS2422,402422
DS2423,402423
DS2424,402424
DS2425,402425
DS2426,402426
DS2427,402427
DS2428,402428
DS2429,402429
DS2430,402430
DS2431,402431
DS2432,402432
DS2433,402433
DS2434,402434
DS2435,402435
DS2436,402436
DS2437,402437
DS2438,402438
DS2439,402439
DS2440,402440
DS2441,402441
DS2442,402442
DS2443,402443
DS2444,402444
DS2445,402445
DS2446,402446
DS2447,402447
DS2448,402448
DS2449,402449
DS2450,402450
DS2451,402451
DS2452,402452
DS2453,402453
DS2454,402454
DS2455,402455
DS2456,402456
DS2457,402457
DS2458,402458
DS2459,402459
DS2460,402460
DS2461,402461
DS2462,402462
DS2463,402463
DS2464,402464
DS2465,402465
DS2466,402466
DS2467,402467
DS2468,402468
DS2469,402469
DS2470,402470
DS2471,402471
DS2472,402472
DS2473,402473
DS2474,402474
DS2475,402475
DS2476,402476
DS2477,402477
DS2478,402478
DS2479,402479
DS2480,402480
DS2481,402481
DS2482,402482
DS2483,402483
DS2484,402484
DS2485,402485
DS2486,402486
DS2487,402487
DS2488,402488
DS2489,402489
DS2490,402490
DS2491,402491
DS2492,402492
DS2493,402493
DS2494,402494
DS2495,402495
DS2496,402496
DS2497,402497
DS2498,402498
DS2499,402499
DS2500,402500
DS2501,402501
DS2502,402502
DS2503,402503
DS2504,402504
DS2505,402505
DS2506,402506
DS2507,402507
DS2508,402508
DS2509,402509
DS2510,402510
DS2511,402511
DS2512,402512
DS2513,402513
DS2514,402514
DS2515,402515
DS2516,402516
DS2517,402517
DS2518,402518
DS2519,402519
DS2520,402520
DS2521,402521
DS2522,402522
DS2523,402523
DS2524,402524
DS2525,402525
DS2526,402526
DS2527,402527
DS2528,402528
DS2529,402529
DS2530,402530
DS2531,402531
DS2532,402532
DS2533,402533
DS2534,402534
DS2535,402535
DS2536,402536
DS2537,402537
DS2538,402538
DS2539,402539
DS2540,402540
DS2541,402541
DS2542,402542
DS2543,402543
DS2544,402544
DS2545,402545
DS2546,402546
DS2547,402547
DS2548,402548
DS2549,402549
DS2550,402550
DS2551,402551
DS2552,402552
DS2553,402553
DS2554,402554
DS2555,402555
DS2556,402556
DS2557,402557
DS2558,402558
DS2559,402559
DS2560,402560
DS2561,402561
DS2562,402562
DS2563,402563
DS2564,402564
DS2565,402565
DS2566,402566
DS2567,402567
DS2568,402568
DS2569,402569
DS2570,402570
DS2571,402571
DS2572,402572
DS2573,402573
DS2574,402574
DS2575,402575
DS2576,402576
DS2577,402577
DS2578,402578
DS2579,402579
DS2580,402580
DS2581,402581
DS2582,402582
DS2583,402583
DS2584,402584
DS2585,402585
DS2586,402586
DS2587,402587
DS2588,402588
DS2589,402589
DS2590,402590
DS2591,402591
DS2592,402592
DS2593,402593
DS2594,402594
DS2595,402595
DS2596,402596
DS2597,402597
DS2598,402598
DS2599,402599
DS2600,402600
DS2601,402601
DS2602,402602
DS2603,402603
DS2604,402604
DS2605,402605
DS2606,402606
DS2607,402607
DS2608,402608
DS2609,402609
DS2610,402610
DS2611,402611
DS2612,402612
DS2613,402613
DS2614,402614
DS2615,402615
DS2616,402616
DS2617,402617
DS2618,402618
DS2619,402619
DS2620,402620
DS2621,402621
DS2622,402622
DS2623,402623
DS2624,402624
DS2625,402625
DS2626,402626
DS2627,402627
DS2628,402628
DS2629,402629
DS2630,402630
DS2631,402631
DS2632,402632
DS2633,402633
DS2634,402634
DS2635,402635
DS2636,402636
DS2637,402637
DS2638,402638
DS2639,402639
DS2640,402640
DS2641,402641
DS2642,402642
DS2643,402643
DS2644,402644
DS2645,402645
DS2646,402646
DS2647,402647
DS2648,402648
DS2649,402649
DS2650,402650
DS2651,402651
DS2652,402652
DS2653,402653
DS2654,402654
DS2655,402655
DS2656,402656
DS2657,402657
DS2658,402658
DS2659,402659
DS2660,402660
DS2661,402661
DS2662,402662
DS2663,402663
DS2664,402664
DS2665,402665
DS2666,402666
DS2667,402667
DS2668,402668
DS2669,402669
DS2670,402670
DS2671,402671
DS2672,402672
DS2673,402673
DS2674,402674
DS2675,402675
DS2676,402676
DS2677,402677
DS2678,402678
DS2679,402679
DS2680,402680
DS2681,402681
DS2682,402682
DS2683,402683
DS2684,402684
DS2685,402685
DS2686,402686
DS2687,402687
DS2688,402688
DS2689,402689
DS2690,402690
DS2691,402691
DS2692,402692
DS2693,402693
DS2694,402694
DS2695,402695
DS2696,402696
DS2697,402697
DS2698,402698
DS2699,402699
DS2700,402700
DS2701,402701
DS2702,402702
DS2703,402703
DS2704,402704
DS2705,402705
DS2706,402706
DS2707,402707
DS2708,402708
DS2709,402709
DS2710,402710
DS2711,402711
DS2712,402712
DS2713,402713
DS2714,402714
DS2715,402715
DS2716,402716
DS2717,402717
DS2718,402718
DS2719,402719
DS2720,402720
DS2721,402721
DS2722,402722
DS2723,402723
DS2724,402724
DS2725,402725
DS2726,402726
DS2727,402727
DS2728,402728
DS2729,402729
DS2730,402730
DS2731,402731
DS2732,402732
DS2733,402733
DS2734,402734
DS2735,402735
DS2736,402736
DS2737,402737
DS2738,402738
DS2739,402739
DS2740,402740
DS2741,402741
DS2742,402742
DS2743,402743
DS2744,402744
DS2745,402745
DS2746,402746
DS2747,402747
DS2748,402748
DS2749,402749
DS2750,402750
DS2751,402751
DS2752,402752
DS2753,402753
DS2754,402754
DS2755,402755
DS2756,402756
DS2757,402757
DS2758,402758
DS2759,402759
DS2760,402760
DS2761,402761
DS2762,402762
DS2763,402763
DS2764,402764
DS2765,402765
DS2766,402766
DS2767,402767
DS2768,402768
DS2769,402769
DS2770,402770
DS2771,402771
DS2772,402772
DS2773,402773
DS2774,402774
DS2775,402775
DS2776,402776
DS2777,402777
DS2778,402778
DS2779,402779
DS2780,402780
DS2781,402781
DS2782,402782
DS2783,402783
DS2784,402784
DS2785,402785
DS2786,402786
DS2787,402787
DS2788,402788
DS2789,402789
DS2790,402790
DS2791,402791
DS2792,402792
DS2793,402793
DS2794,402794
DS2795,402795
DS2796,402796
DS2797,402797
DS2798,402798
DS2799,402799
DS2800,402800
DS2801,402801
DS2802,402802
DS2803,402803
DS2804,402804
DS2805,402805
DS2806,402806
DS2807,402807
DS2808,402808
DS2809,402809
DS2810,402810
DS2811,402811
DS2812,402812
DS2813,402813
DS2814,402814
DS2815,402815
DS2816,402816
DS2817,402817
DS2818,402818
DS2819,402819
DS2820,402820
DS2821,402821
DS2822,402822
DS2823,402823
DS2824,402824
DS2825,402825
DS2826,402826
DS2827,402827
DS2828,402828
DS2829,402829
DS2830,402830
DS2831,402831
DS2832,402832
DS2833,402833
DS2834,402834
DS2835,402835
DS2836,402836
DS2837,402837
DS2838,402838
DS2839,402839
DS2840,402840
DS2841,402841
DS2842,402842
DS2843,402843
DS2844,402844
DS2845,402845
DS2846,402846
DS2847,402847
DS2848,402848
DS2849,402849
DS2850,402850
DS2851,402851
DS2852,402852
DS2853,402853
DS2854,402854
DS2855,402855
DS2856,402856
DS2857,402857
DS2858,402858
DS2859,402859
DS2860,402860
DS2861,402861
DS2862,402862
DS2863,402863
DS2864,402864
DS2865,402865
DS2866,402866
DS2867,402867
DS2868,402868
DS2869,402869
DS2870,402870
DS2871,402871
DS2872,402872
DS2873,402873
DS2874,402874
DS2875,402875
DS2876,402876
DS2877,402877
DS2878,402878
DS2879,402879
DS2880,402880
DS2881,402881
DS2882,402882
DS2883,402883
DS2884,402884
DS2885,402885
DS2886,402886
DS2887,402887
DS2888,402888
DS2889,402889
DS2890,402890
DS2891,402891
DS2892,402892
DS2893,402893
DS2894,402894
DS2895,402895
DS2896,402896
DS2897,402897
DS2898,402898
DS2899,402899
DS2900,402900
DS2901,402901
DS2902,402902
DS2903,402903
DS2904,402904
DS2905,402905
DS2906,402906
DS2907,402907
DS2908,402908
DS2909,402909
DS2910,402910
DS2911,402911
DS2912,402912
DS2913,402913
DS2914,402914
DS2915,402915
DS2916,402916
DS2917,402917
DS2918,402918
DS2919,402919
DS2920,402920
DS2921,402921
DS2922,402922
DS2923,402923
DS2924,402924
DS2925,402925
DS2926,402926
DS2927,402927
DS2928,402928
DS2929,402929
DS2930,402930
DS2931,402931
DS2932,402932
DS2933,402933
DS2934,402934
DS2935,402935
DS2936,402936
DS2937,402937
DS2938,402938
DS2939,402939
DS2940,402940
DS2941,402941
DS2942,402942
DS2943,402943
DS2944,402944
DS2945,402945
DS2946,402946
DS2947,402947
DS2948,402948
DS2949,402949
DS2950,402950
DS2951,402951
DS2952,402952
DS2953,402953
DS2954,402954
DS2955,402955
DS2956,402956
DS2957,402957
DS2958,402958
DS2959,402959
DS2960,402960
DS2961,402961
DS2962,402962
DS2963,402963
DS2964,402964
DS2965,402965
DS2966,402966
DS2967,402967
DS2968,402968
DS2969,402969
DS2970,402970
DS2971,402971
DS2972,402972
DS2973,402973
DS2974,402974
DS2975,402975
DS2976,402976
DS2977,402977
DS2978,402978
DS2979,402979
DS2980,402980
DS2981,402981
DS2982,402982
DS2983,402983
DS2984,402984
DS2985,402985
DS2986,402986
DS2987,402987
DS2988,402988
DS2989,402989
DS2990,402990
DS2991,402991
DS2992,402992
DS2993,402993
DS2994,402994
DS2995,402995
DS2996,402996
DS2997,402997
DS2998,402998
DS2999,402999
DS3000,403000
DS3001,403001
DS3002,403002
DS3003,403003
DS3004,403004
DS3005,403005
DS3006,403006
DS3007,403007
DS3008,403008
DS3009,403009
DS3010,403010
DS3011,403011
DS3012,403012
DS3013,403013
DS3014,403014
DS3015,403015
DS3016,403016
DS3017,403017
DS3018,403018
DS3019,403019
DS3020,403020
DS3021,403021
DS3022,403022
DS3023,403023
DS3024,403024
DS3025,403025
DS3026,403026
DS3027,403027
DS3028,403028
DS3029,403029
DS3030,403030
DS3031,403031
DS3032,403032
DS3033,403033
DS3034,403034
DS3035,403035
DS3036,403036
DS3037,403037
DS3038,403038
DS3039,403039
DS3040,403040
DS3041,403041
DS3042,403042
DS3043,403043
DS3044,403044
DS3045,403045
DS3046,403046
DS3047,403047
DS3048,403048
DS3049,403049
DS3050,403050
DS3051,403051
DS3052,403052
DS3053,403053
DS3054,403054
DS3055,403055
DS3056,403056
DS3057,403057
DS3058,403058
DS3059,403059
DS3060,403060
DS3061,403061
DS3062,403062
DS3063,403063
DS3064,403064
DS3065,403065
DS3066,403066
DS3067,403067
DS3068,403068
DS3069,403069
DS3070,403070
DS3071,403071
DS3072,403072
DS3073,403073
DS3074,403074
DS3075,403075
DS3076,403076
DS3077,403077
DS3078,403078
DS3079,403079
DS3080,403080
DS3081,403081
DS3082,403082
DS3083,403083
DS3084,403084
DS3085,403085
DS3086,403086
DS3087,403087
DS3088,403088
DS3089,403089
DS3090,403090
DS3091,403091
DS3092,403092
DS3093,403093
DS3094,403094
DS3095,403095
DS3096,403096
DS3097,403097
DS3098,403098
DS3099,403099
DS3100,403100
DS3101,403101
DS3102,403102
DS3103,403103
DS3104,403104
DS3105,403105
DS3106,403106
DS3107,403107
DS3108,403108
DS3109,403109
DS3110,403110
DS3111,403111
DS3112,403112
DS3113,403113
DS3114,403114
DS3115,403115
DS3116,403116
DS3117,403117
DS3118,403118
DS3119,403119
DS3120,403120
DS3121,403121
DS3122,403122
DS3123,403123
DS3124,403124
DS3125,403125
DS3126,403126
DS3127,403127
DS3128,403128
DS3129,403129
DS3130,403130
DS3131,403131
DS3132,403132
DS3133,403133
DS3134,403134
DS3135,403135
DS3136,403136
DS3137,403137
DS3138,403138
DS3139,403139
DS3140,403140
DS3141,403141
DS3142,403142
DS3143,403143
DS3144,403144
DS3145,403145
DS3146,403146
DS3147,403147
DS3148,403148
DS3149,403149
DS3150,403150
DS3151,403151
DS3152,403152
DS3153,403153
DS3154,403154
DS3155,403155
DS3156,403156
DS3157,403157
DS3158,403158
DS3159,403159
DS3160,403160
DS3161,403161
DS3162,403162
DS3163,403163
DS3164,403164
DS3165,403165
DS3166,403166
DS3167,403167
DS3168,403168
DS3169,403169
DS3170,403170
DS3171,403171
DS3172,403172
DS3173,403173
DS3174,403174
DS3175,403175
DS3176,403176
DS3177,403177
DS3178,403178
DS3179,403179
DS3180,403180
DS3181,403181
DS3182,403182
DS3183,403183
DS3184,403184
DS3185,403185
DS3186,403186
DS3187,403187
DS3188,403188
DS3189,403189
DS3190,403190
DS3191,403191
DS3192,403192
DS3193,403193
DS3194,403194
DS3195,403195
DS3196,403196
DS3197,403197
DS3198,403198
DS3199,403199
DS3200,403200
DS3201,403201
DS3202,403202
DS3203,403203
DS3204,403204
DS3205,403205
DS3206,403206
DS3207,403207
DS3208,403208
DS3209,403209
DS3210,403210
DS3211,403211
DS3212,403212
DS3213,403213
DS3214,403214
DS3215,403215
DS3216,403216
DS3217,403217
DS3218,403218
DS3219,403219
DS3220,403220
DS3221,403221
DS3222,403222
DS3223,403223
DS3224,403224
DS3225,403225
DS3226,403226
DS3227,403227
DS3228,403228
DS3229,403229
DS3230,403230
DS3231,403231
DS3232,403232
DS3233,403233
DS3234,403234
DS3235,403235
DS3236,403236
DS3237,403237
DS3238,403238
DS3239,403239
DS3240,403240
DS3241,403241
DS3242,403242
DS3243,403243
DS3244,403244
DS3245,403245
DS3246,403246
DS3247,403247
DS3248,403248
DS3249,403249
DS3250,403250
DS3251,403251
DS3252,403252
DS3253,403253
DS3254,403254
DS3255,403255
DS3256,403256
DS3257,403257
DS3258,403258
DS3259,403259
DS3260,403260
DS3261,403261
DS3262,403262
DS3263,403263
DS3264,403264
DS3265,403265
DS3266,403266
DS3267,403267
DS3268,403268
DS3269,403269
DS3270,403270
DS3271,403271
DS3272,403272
DS3273,403273
DS3274,403274
DS3275,403275
DS3276,403276
DS3277,403277
DS3278,403278
DS3279,403279
DS3280,403280
DS3281,403281
DS3282,403282
DS3283,403283
DS3284,403284
DS3285,403285
DS3286,403286
DS3287,403287
DS3288,403288
DS3289,403289
DS3290,403290
DS3291,403291
DS3292,403292
DS3293,403293
DS3294,403294
DS3295,403295
DS3296,403296
DS3297,403297
DS3298,403298
DS3299,403299
DS3300,403300
DS3301,403301
DS3302,403302
DS3303,403303
DS3304,403304
DS3305,403305
DS3306,403306
DS3307,403307
DS3308,403308
DS3309,403309
DS3310,403310
DS3311,403311
DS3312,403312
DS3313,403313
DS3314,403314
DS3315,403315
DS3316,403316
DS3317,403317
DS3318,403318
DS3319,403319
DS3320,403320
DS3321,403321
DS3322,403322
DS3323,403323
DS3324,403324
DS3325,403325
DS3326,403326
DS3327,403327
DS3328,403328
DS3329,403329
DS3330,403330
DS3331,403331
DS3332,403332
DS3333,403333
DS3334,403334
DS3335,403335
DS3336,403336
DS3337,403337
DS3338,403338
DS3339,403339
DS3340,403340
DS3341,403341
DS3342,403342
DS3343,403343
DS3344,403344
DS3345,403345
DS3346,403346
DS3347,403347
DS3348,403348
DS3349,403349
DS3350,403350
DS3351,403351
DS3352,403352
DS3353,403353
DS3354,403354
DS3355,403355
DS3356,403356
DS3357,403357
DS3358,403358
DS3359,403359
DS3360,403360
DS3361,403361
DS3362,403362
DS3363,403363
DS3364,403364
DS3365,403365
DS3366,403366
DS3367,403367
DS3368,403368
DS3369,403369
DS3370,403370
DS3371,403371
DS3372,403372
DS3373,403373
DS3374,403374
DS3375,403375
DS3376,403376
DS3377,403377
DS3378,403378
DS3379,403379
DS3380,403380
DS3381,403381
DS3382,403382
DS3383,403383
DS3384,403384
DS3385,403385
DS3386,403386
DS3387,403387
DS3388,403388
DS3389,403389
DS3390,403390
DS3391,403391
DS3392,403392
DS3393,403393
DS3394,403394
DS3395,403395
DS3396,403396
DS3397,403397
DS3398,403398
DS3399,403399
DS3400,403400
DS3401,403401
DS3402,403402
DS3403,403403
DS3404,403404
DS3405,403405
DS3406,403406
DS3407,403407
DS3408,403408
DS3409,403409
DS3410,403410
DS3411,403411
DS3412,403412
DS3413,403413
DS3414,403414
DS3415,403415
DS3416,403416
DS3417,403417
DS3418,403418
DS3419,403419
DS3420,403420
DS3421,403421
DS3422,403422
DS3423,403423
DS3424,403424
DS3425,403425
DS3426,403426
DS3427,403427
DS3428,403428
DS3429,403429
DS3430,403430
DS3431,403431
DS3432,403432
DS3433,403433
DS3434,403434
DS3435,403435
DS3436,403436
DS3437,403437
DS3438,403438
DS3439,403439
DS3440,403440
DS3441,403441
DS3442,403442
DS3443,403443
DS3444,403444
DS3445,403445
DS3446,403446
DS3447,403447
DS3448,403448
DS3449,403449
DS3450,403450
DS3451,403451
DS3452,403452
DS3453,403453
DS3454,403454
DS3455,403455
DS3456,403456
DS3457,403457
DS3458,403458
DS3459,403459
DS3460,403460
DS3461,403461
DS3462,403462
DS3463,403463
DS3464,403464
DS3465,403465
DS3466,403466
DS3467,403467
DS3468,403468
DS3469,403469
DS3470,403470
DS3471,403471
DS3472,403472
DS3473,403473
DS3474,403474
DS3475,403475
DS3476,403476
DS3477,403477
DS3478,403478
DS3479,403479
DS3480,403480
DS3481,403481
DS3482,403482
DS3483,403483
DS3484,403484
DS3485,403485
DS3486,403486
DS3487,403487
DS3488,403488
DS3489,403489
DS3490,403490
DS3491,403491
DS3492,403492
DS3493,403493
DS3494,403494
DS3495,403495
DS3496,403496
DS3497,403497
DS3498,403498
DS3499,403499
DS3500,403500
DS3501,403501
DS3502,403502
DS3503,403503
DS3504,403504
DS3505,403505
DS3506,403506
DS3507,403507
DS3508,403508
DS3509,403509
DS3510,403510
DS3511,403511
DS3512,403512
DS3513,403513
DS3514,403514
DS3515,403515
DS3516,403516
DS3517,403517
DS3518,403518
DS3519,403519
DS3520,403520
DS3521,403521
DS3522,403522
DS3523,403523
DS3524,403524
DS3525,403525
DS3526,403526
DS3527,403527
DS3528,403528
DS3529,403529
DS3530,403530
DS3531,403531
DS3532,403532
DS3533,403533
DS3534,403534
DS3535,403535
DS3536,403536
DS3537,403537
DS3538,403538
DS3539,403539
DS3540,403540
DS3541,403541
DS3542,403542
DS3543,403543
DS3544,403544
DS3545,403545
DS3546,403546
DS3547,403547
DS3548,403548
DS3549,403549
DS3550,403550
DS3551,403551
DS3552,403552
DS3553,403553
DS3554,403554
DS3555,403555
DS3556,403556
DS3557,403557
DS3558,403558
DS3559,403559
DS3560,403560
DS3561,403561
DS3562,403562
DS3563,403563
DS3564,403564
DS3565,403565
DS3566,403566
DS3567,403567
DS3568,403568
DS3569,403569
DS3570,403570
DS3571,403571
DS3572,403572
DS3573,403573
DS3574,403574
DS3575,403575
DS3576,403576
DS3577,403577
DS3578,403578
DS3579,403579
DS3580,403580
DS3581,403581
DS3582,403582
DS3583,403583
DS3584,403584
DS3585,403585
DS3586,403586
DS3587,403587
DS3588,403588
DS3589,403589
DS3590,403590
DS3591,403591
DS3592,403592
DS3593,403593
DS3594,403594
DS3595,403595
DS3596,403596
DS3597,403597
DS3598,403598
DS3599,403599
DS3600,403600
DS3601,403601
DS3602,403602
DS3603,403603
DS3604,403604
DS3605,403605
DS3606,403606
DS3607,403607
DS3608,403608
DS3609,403609
DS3610,403610
DS3611,403611
DS3612,403612
DS3613,403613
DS3614,403614
DS3615,403615
DS3616,403616
DS3617,403617
DS3618,403618
DS3619,403619
DS3620,403620
DS3621,403621
DS3622,403622
DS3623,403623
DS3624,403624
DS3625,403625
DS3626,403626
DS3627,403627
DS3628,403628
DS3629,403629
DS3630,403630
DS3631,403631
DS3632,403632
DS3633,403633
DS3634,403634
DS3635,403635
DS3636,403636
DS3637,403637
DS3638,403638
DS3639,403639
DS3640,403640
DS3641,403641
DS3642,403642
DS3643,403643
DS3644,403644
DS3645,403645
DS3646,403646
DS3647,403647
DS3648,403648
DS3649,403649
DS3650,403650
DS3651,403651
DS3652,403652
DS3653,403653
DS3654,403654
DS3655,403655
DS3656,403656
DS3657,403657
DS3658,403658
DS3659,403659
DS3660,403660
DS3661,403661
DS3662,403662
DS3663,403663
DS3664,403664
DS3665,403665
DS3666,403666
DS3667,403667
DS3668,403668
DS3669,403669
DS3670,403670
DS3671,403671
DS3672,403672
DS3673,403673
DS3674,403674
DS3675,403675
DS3676,403676
DS3677,403677
DS3678,403678
DS3679,403679
DS3680,403680
DS3681,403681
DS3682,403682
DS3683,403683
DS3684,403684
DS3685,403685
DS3686,403686
DS3687,403687
DS3688,403688
DS3689,403689
DS3690,403690
DS3691,403691
DS3692,403692
DS3693,403693
DS3694,403694
DS3695,403695
DS3696,403696
DS3697,403697
DS3698,403698
DS3699,403699
DS3700,403700
DS3701,403701
DS3702,403702
DS3703,403703
DS3704,403704
DS3705,403705
DS3706,403706
DS3707,403707
DS3708,403708
DS3709,403709
DS3710,403710
DS3711,403711
DS3712,403712
DS3713,403713
DS3714,403714
DS3715,403715
DS3716,403716
DS3717,403717
DS3718,403718
DS3719,403719
DS3720,403720
DS3721,403721
DS3722,403722
DS3723,403723
DS3724,403724
DS3725,403725
DS3726,403726
DS3727,403727
DS3728,403728
DS3729,403729
DS3730,403730
DS3731,403731
DS3732,403732
DS3733,403733
DS3734,403734
DS3735,403735
DS3736,403736
DS3737,403737
DS3738,403738
DS3739,403739
DS3740,403740
DS3741,403741
DS3742,403742
DS3743,403743
DS3744,403744
DS3745,403745
DS3746,403746
DS3747,403747
DS3748,403748
DS3749,403749
DS3750,403750
DS3751,403751
DS3752,403752
DS3753,403753
DS3754,403754
DS3755,403755
DS3756,403756
DS3757,403757
DS3758,403758
DS3759,403759
DS3760,403760
DS3761,403761
DS3762,403762
DS3763,403763
DS3764,403764
DS3765,403765
DS3766,403766
DS3767,403767
DS3768,403768
DS3769,403769
DS3770,403770
DS3771,403771
DS3772,403772
DS3773,403773
DS3774,403774
DS3775,403775
DS3776,403776
DS3777,403777
DS3778,403778
DS3779,403779
DS3780,403780
DS3781,403781
DS3782,403782
DS3783,403783
DS3784,403784
DS3785,403785
DS3786,403786
DS3787,403787
DS3788,403788
DS3789,403789
DS3790,403790
DS3791,403791
DS3792,403792
DS3793,403793
DS3794,403794
DS3795,403795
DS3796,403796
DS3797,403797
DS3798,403798
DS3799,403799
DS3800,403800
DS3801,403801
DS3802,403802
DS3803,403803
DS3804,403804
DS3805,403805
DS3806,403806
DS3807,403807
DS3808,403808
DS3809,403809
DS3810,403810
DS3811,403811
DS3812,403812
DS3813,403813
DS3814,403814
DS3815,403815
DS3816,403816
DS3817,403817
DS3818,403818
DS3819,403819
DS3820,403820
DS3821,403821
DS3822,403822
DS3823,403823
DS3824,403824
DS3825,403825
DS3826,403826
DS3827,403827
DS3828,403828
DS3829,403829
DS3830,403830
DS3831,403831
DS3832,403832
DS3833,403833
DS3834,403834
DS3835,403835
DS3836,403836
DS3837,403837
DS3838,403838
DS3839,403839
DS3840,403840
DS3841,403841
DS3842,403842
DS3843,403843
DS3844,403844
DS3845,403845
DS3846,403846
DS3847,403847
DS3848,403848
DS3849,403849
DS3850,403850
DS3851,403851
DS3852,403852
DS3853,403853
DS3854,403854
DS3855,403855
DS3856,403856
DS3857,403857
DS3858,403858
DS3859,403859
DS3860,403860
DS3861,403861
DS3862,403862
DS3863,403863
DS3864,403864
DS3865,403865
DS3866,403866
DS3867,403867
DS3868,403868
DS3869,403869
DS3870,403870
DS3871,403871
DS3872,403872
DS3873,403873
DS3874,403874
DS3875,403875
DS3876,403876
DS3877,403877
DS3878,403878
DS3879,403879
DS3880,403880
DS3881,403881
DS3882,403882
DS3883,403883
DS3884,403884
DS3885,403885
DS3886,403886
DS3887,403887
DS3888,403888
DS3889,403889
DS3890,403890
DS3891,403891
DS3892,403892
DS3893,403893
DS3894,403894
DS3895,403895
DS3896,403896
DS3897,403897
DS3898,403898
DS3899,403899
DS3900,403900
DS3901,403901
DS3902,403902
DS3903,403903
DS3904,403904
DS3905,403905
DS3906,403906
DS3907,403907
DS3908,403908
DS3909,403909
DS3910,403910
DS3911,403911
DS3912,403912
DS3913,403913
DS3914,403914
DS3915,403915
DS3916,403916
DS3917,403917
DS3918,403918
DS3919,403919
DS3920,403920
DS3921,403921
DS3922,403922
DS3923,403923
DS3924,403924
DS3925,403925
DS3926,403926
DS3927,403927
DS3928,403928
DS3929,403929
DS3930,403930
DS3931,403931
DS3932,403932
DS3933,403933
DS3934,403934
DS3935,403935
DS3936,403936
DS3937,403937
DS3938,403938
DS3939,403939
DS3940,403940
DS3941,403941
DS3942,403942
DS3943,403943
DS3944,403944
DS3945,403945
DS3946,403946
DS3947,403947
DS3948,403948
DS3949,403949
DS3950,403950
DS3951,403951
DS3952,403952
DS3953,403953
DS3954,403954
DS3955,403955
DS3956,403956
DS3957,403957
DS3958,403958
DS3959,403959
DS3960,403960
DS3961,403961
DS3962,403962
DS3963,403963
DS3964,403964
DS3965,403965
DS3966,403966
DS3967,403967
DS3968,403968
DS3969,403969
DS3970,403970
DS3971,403971
DS3972,403972
DS3973,403973
DS3974,403974
DS3975,403975
DS3976,403976
DS3977,403977
DS3978,403978
DS3979,403979
DS3980,403980
DS3981,403981
DS3982,403982
DS3983,403983
DS3984,403984
DS3985,403985
DS3986,403986
DS3987,403987
DS3988,403988
DS3989,403989
DS3990,403990
DS3991,403991
DS3992,403992
DS3993,403993
DS3994,403994
DS3995,403995
DS3996,403996
DS3997,403997
DS3998,403998
DS3999,403999
DS4000,404000
DS4001,404001
DS4002,404002
DS4003,404003
DS4004,404004
DS4005,404005
DS4006,404006
DS4007,404007
DS4008,404008
DS4009,404009
DS4010,404010
DS4011,404011
DS4012,404012
DS4013,404013
DS4014,404014
DS4015,404015
DS4016,404016
DS4017,404017
DS4018,404018
DS4019,404019
DS4020,404020
DS4021,404021
DS4022,404022
DS4023,404023
DS4024,404024
DS4025,404025
DS4026,404026
DS4027,404027
DS4028,404028
DS4029,404029
DS4030,404030
DS4031,404031
DS4032,404032
DS4033,404033
DS4034,404034
DS4035,404035
DS4036,404036
DS4037,404037
DS4038,404038
DS4039,404039
DS4040,404040
DS4041,404041
DS4042,404042
DS4043,404043
DS4044,404044
DS4045,404045
DS4046,404046
DS4047,404047
DS4048,404048
DS4049,404049
DS4050,404050
DS4051,404051
DS4052,404052
DS4053,404053
DS4054,404054
DS4055,404055
DS4056,404056
DS4057,404057
DS4058,404058
DS4059,404059
DS4060,404060
DS4061,404061
DS4062,404062
DS4063,404063
DS4064,404064
DS4065,404065
DS4066,404066
DS4067,404067
DS4068,404068
DS4069,404069
DS4070,404070
DS4071,404071
DS4072,404072
DS4073,404073
DS4074,404074
DS4075,404075
DS4076,404076
DS4077,404077
DS4078,404078
DS4079,404079
DS4080,404080
DS4081,404081
DS4082,404082
DS4083,404083
DS4084,404084
DS4085,404085
DS4086,404086
DS4087,404087
DS4088,404088
DS4089,404089
DS4090,404090
DS4091,404091
DS4092,404092
DS4093,404093
DS4094,404094
DS4095,404095
DS4096,404096
DS4097,404097
DS4098,404098
DS4099,404099
DS4100,404100
DS4101,404101
DS4102,404102
DS4103,404103
DS4104,404104
DS4105,404105
DS4106,404106
DS4107,404107
DS4108,404108
DS4109,404109
DS4110,404110
DS4111,404111
DS4112,404112
DS4113,404113
DS4114,404114
DS4115,404115
DS4116,404116
DS4117,404117
DS4118,404118
DS4119,404119
DS4120,404120
DS4121,404121
DS4122,404122
DS4123,404123
DS4124,404124
DS4125,404125
DS4126,404126
DS4127,404127
DS4128,404128
DS4129,404129
DS4130,404130
DS4131,404131
DS4132,404132
DS4133,404133
DS4134,404134
DS4135,404135
DS4136,404136
DS4137,404137
DS4138,404138
DS4139,404139
DS4140,404140
DS4141,404141
DS4142,404142
DS4143,404143
DS4144,404144
DS4145,404145
DS4146,404146
DS4147,404147
DS4148,404148
DS4149,404149
DS4150,404150
DS4151,404151
DS4152,404152
DS4153,404153
DS4154,404154
DS4155,404155
DS4156,404156
DS4157,404157
DS4158,404158
DS4159,404159
DS4160,404160
DS4161,404161
DS4162,404162
DS4163,404163
DS4164,404164
DS4165,404165
DS4166,404166
DS4167,404167
DS4168,404168
DS4169,404169
DS4170,404170
DS4171,404171
DS4172,404172
DS4173,404173
DS4174,404174
DS4175,404175
DS4176,404176
DS4177,404177
DS4178,404178
DS4179,404179
DS4180,404180
DS4181,404181
DS4182,404182
DS4183,404183
DS4184,404184
DS4185,404185
DS4186,404186
DS4187,404187
DS4188,404188
DS4189,404189
DS4190,404190
DS4191,404191
DS4192,404192
DS4193,404193
DS4194,404194
DS4195,404195
DS4196,404196
DS4197,404197
DS4198,404198
DS4199,404199
DS4200,404200
DS4201,404201
DS4202,404202
DS4203,404203
DS4204,404204
DS4205,404205
DS4206,404206
DS4207,404207
DS4208,404208
DS4209,404209
DS4210,404210
DS4211,404211
DS4212,404212
DS4213,404213
DS4214,404214
DS4215,404215
DS4216,404216
DS4217,404217
DS4218,404218
DS4219,404219
DS4220,404220
DS4221,404221
DS4222,404222
DS4223,404223
DS4224,404224
DS4225,404225
DS4226,404226
DS4227,404227
DS4228,404228
DS4229,404229
DS4230,404230
DS4231,404231
DS4232,404232
DS4233,404233
DS4234,404234
DS4235,404235
DS4236,404236
DS4237,404237
DS4238,404238
DS4239,404239
DS4240,404240
DS4241,404241
DS4242,404242
DS4243,404243
DS4244,404244
DS4245,404245
DS4246,404246
DS4247,404247
DS4248,404248
DS4249,404249
DS4250,404250
DS4251,404251
DS4252,404252
DS4253,404253
DS4254,404254
DS4255,404255
DS4256,404256
DS4257,404257
DS4258,404258
DS4259,404259
DS4260,404260
DS4261,404261
DS4262,404262
DS4263,404263
DS4264,404264
DS4265,404265
DS4266,404266
DS4267,404267
DS4268,404268
DS4269,404269
DS4270,404270
DS4271,404271
DS4272,404272
DS4273,404273
DS4274,404274
DS4275,404275
DS4276,404276
DS4277,404277
DS4278,404278
DS4279,404279
DS4280,404280
DS4281,404281
DS4282,404282
DS4283,404283
DS4284,404284
DS4285,404285
DS4286,404286
DS4287,404287
DS4288,404288
DS4289,404289
DS4290,404290
DS4291,404291
DS4292,404292
DS4293,404293
DS4294,404294
DS4295,404295
DS4296,404296
DS4297,404297
DS4298,404298
DS4299,404299
DS4300,404300
DS4301,404301
DS4302,404302
DS4303,404303
DS4304,404304
DS4305,404305
DS4306,404306
DS4307,404307
DS4308,404308
DS4309,404309
DS4310,404310
DS4311,404311
DS4312,404312
DS4313,404313
DS4314,404314
DS4315,404315
DS4316,404316
DS4317,404317
DS4318,404318
DS4319,404319
DS4320,404320
DS4321,404321
DS4322,404322
DS4323,404323
DS4324,404324
DS4325,404325
DS4326,404326
DS4327,404327
DS4328,404328
DS4329,404329
DS4330,404330
DS4331,404331
DS4332,404332
DS4333,404333
DS4334,404334
DS4335,404335
DS4336,404336
DS4337,404337
DS4338,404338
DS4339,404339
DS4340,404340
DS4341,404341
DS4342,404342
DS4343,404343
DS4344,404344
DS4345,404345
DS4346,404346
DS4347,404347
DS4348,404348
DS4349,404349
DS4350,404350
DS4351,404351
DS4352,404352
DS4353,404353
DS4354,404354
DS4355,404355
DS4356,404356
DS4357,404357
DS4358,404358
DS4359,404359
DS4360,404360
DS4361,404361
DS4362,404362
DS4363,404363
DS4364,404364
DS4365,404365
DS4366,404366
DS4367,404367
DS4368,404368
DS4369,404369
DS4370,404370
DS4371,404371
DS4372,404372
DS4373,404373
DS4374,404374
DS4375,404375
DS4376,404376
DS4377,404377
DS4378,404378
DS4379,404379
DS4380,404380
DS4381,404381
DS4382,404382
DS4383,404383
DS4384,404384
DS4385,404385
DS4386,404386
DS4387,404387
DS4388,404388
DS4389,404389
DS4390,404390
DS4391,404391
DS4392,404392
DS4393,404393
DS4394,404394
DS4395,404395
DS4396,404396
DS4397,404397
DS4398,404398
DS4399,404399
DS4400,404400
DS4401,404401
DS4402,404402
DS4403,404403
DS4404,404404
DS4405,404405
DS4406,404406
DS4407,404407
DS4408,404408
DS4409,404409
DS4410,404410
DS4411,404411
DS4412,404412
DS4413,404413
DS4414,404414
DS4415,404415
DS4416,404416
DS4417,404417
DS4418,404418
DS4419,404419
DS4420,404420
DS4421,404421
DS4422,404422
DS4423,404423
DS4424,404424
DS4425,404425
DS4426,404426
DS4427,404427
DS4428,404428
DS4429,404429
DS4430,404430
DS4431,404431
DS4432,404432
DS4433,404433
DS4434,404434
DS4435,404435
DS4436,404436
DS4437,404437
DS4438,404438
DS4439,404439
DS4440,404440
DS4441,404441
DS4442,404442
DS4443,404443
DS4444,404444
DS4445,404445
DS4446,404446
DS4447,404447
DS4448,404448
DS4449,404449
DS4450,404450
DS4451,404451
DS4452,404452
DS4453,404453
DS4454,404454
DS4455,404455
DS4456,404456
DS4457,404457
DS4458,404458
DS4459,404459
DS4460,404460
DS4461,404461
DS4462,404462
DS4463,404463
DS4464,404464
DS4465,404465
DS4466,404466
DS4467,404467
DS4468,404468
DS4469,404469
DS4470,404470
DS4471,404471
DS4472,404472
DS4473,404473
DS4474,404474
DS4475,404475
DS4476,404476
DS4477,404477
DS4478,404478
DS4479,404479
DS4480,404480
DS4481,404481
DS4482,404482
DS4483,404483
DS4484,404484
DS4485,404485
DS4486,404486
DS4487,404487
DS4488,404488
DS4489,404489
DS4490,404490
DS4491,404491
DS4492,404492
DS4493,404493
DS4494,404494
DS4495,404495
DS4496,404496
DS4497,404497
DS4498,404498
DS4499,404499
DS4500,404500
DD1,416385
DD2,416387
DD3,416389
DD4,416391
DD5,416393
DD6,416395
DD7,416397
DD8,416399
DD9,416401
DD10,416403
DD11,416405
DD12,416407
DD13,416409
DD14,416411
DD15,416413
DD16,416415
DD17,416417
DD18,416419
DD19,416421
DD20,416423
DD21,416425
DD22,416427
DD23,416429
DD24,416431
DD25,416433
DD26,416435
DD27,416437
DD28,416439
DD29,416441
DD30,416443
DD31,416445
DD32,416447
DD33,416449
DD34,416451
DD35,416453
DD36,416455
DD37,416457
DD38,416459
DD39,416461
DD40,416463
DD41,416465
DD42,416467
DD43,416469
DD44,416471
DD45,416473
DD46,416475
DD47,416477
DD48,416479
DD49,416481
DD50,416483
DD51,416485
DD52,416487
DD53,416489
DD54,416491
DD55,416493
DD56,416495
DD57,416497
DD58,416499
DD59,416501
DD60,416503
DD61,416505
DD62,416507
DD63,416509
DD64,416511
DD65,416513
DD66,416515
DD67,416517
DD68,416519
DD69,416521
DD70,416523
DD71,416525
DD72,416527
DD73,416529
DD74,416531
DD75,416533
DD76,416535
DD77,416537
DD78,416539
DD79,416541
DD80,416543
DD81,416545
DD82,416547
DD83,416549
DD84,416551
DD85,416553
DD86,416555
DD87,416557
DD88,416559
DD89,416561
DD90,416563
DD91,416565
DD92,416567
DD93,416569
DD94,416571
DD95,416573
DD96,416575
DD97,416577
DD98,416579
DD99,416581
DD100,416583
DD101,416585
DD102,416587
DD103,416589
DD104,416591
DD105,416593
DD106,416595
DD107,416597
DD108,416599
DD109,416601
DD110,416603
DD111,416605
DD112,416607
DD113,416609
DD114,416611
DD115,416613
DD116,416615
DD117,416617
DD118,416619
DD119,416621
DD120,416623
DD121,416625
DD122,416627
DD123,416629
DD124,416631
DD125,416633
DD126,416635
DD127,416637
DD128,416639
DD129,416641
DD130,416643
DD131,416645
DD132,416647
DD133,416649
DD134,416651
DD135,416653
DD136,416655
DD137,416657
DD138,416659
DD139,416661
DD140,416663
DD141,416665
DD142,416667
DD143,416669
DD144,416671
DD145,416673
DD146,416675
DD147,416677
DD148,416679
DD149,416681
DD150,416683
DD151,416685
DD152,416687
DD153,416689
DD154,416691
DD155,416693
DD156,416695
DD157,416697
DD158,416699
DD159,416701
DD160,416703
DD161,416705
DD162,416707
DD163,416709
DD164,416711
DD165,416713
DD166,416715
DD167,416717
DD168,416719
DD169,416721
DD170,416723
DD171,416725
DD172,416727
DD173,416729
DD174,416731
DD175,416733
DD176,416735
DD177,416737
DD178,416739
DD179,416741
DD180,416743
DD181,416745
DD182,416747
DD183,416749
DD184,416751
DD185,416753
DD186,416755
DD187,416757
DD188,416759
DD189,416761
DD190,416763
DD191,416765
DD192,416767
DD193,416769
DD194,416771
DD195,416773
DD196,416775
DD197,416777
DD198,416779
DD199,416781
DD200,416783
DD201,416785
DD202,416787
DD203,416789
DD204,416791
DD205,416793
DD206,416795
DD207,416797
DD208,416799
DD209,416801
DD210,416803
DD211,416805
DD212,416807
DD213,416809
DD214,416811
DD215,416813
DD216,416815
DD217,416817
DD218,416819
DD219,416821
DD220,416823
DD221,416825
DD222,416827
DD223,416829
DD224,416831
DD225,416833
DD226,416835
DD227,416837
DD228,416839
DD229,416841
DD230,416843
DD231,416845
DD232,416847
DD233,416849
DD234,416851
DD235,416853
DD236,416855
DD237,416857
DD238,416859
DD239,416861
DD240,416863
DD241,416865
DD242,416867
DD243,416869
DD244,416871
DD245,416873
DD246,416875
DD247,416877
DD248,416879
DD249,416881
DD250,416883
DD251,416885
DD252,416887
DD253,416889
DD254,416891
DD255,416893
DD256,416895
DD257,416897
DD258,416899
DD259,416901
DD260,416903
DD261,416905
DD262,416907
DD263,416909
DD264,416911
DD265,416913
DD266,416915
DD267,416917
DD268,416919
DD269,416921
DD270,416923
DD271,416925
DD272,416927
DD273,416929
DD274,416931
DD275,416933
DD276,416935
DD277,416937
DD278,416939
DD279,416941
DD280,416943
DD281,416945
DD282,416947
DD283,416949
DD284,416951
DD285,416953
DD286,416955
DD287,416957
DD288,416959
DD289,416961
DD290,416963
DD291,416965
DD292,416967
DD293,416969
DD294,416971
DD295,416973
DD296,416975
DD297,416977
DD298,416979
DD299,416981
DD300,416983
DD301,416985
DD302,416987
DD303,416989
DD304,416991
DD305,416993
DD306,416995
DD307,416997
DD308,416999
DD309,417001
DD310,417003
DD311,417005
DD312,417007
DD313,417009
DD314,417011
DD315,417013
DD316,417015
DD317,417017
DD318,417019
DD319,417021
DD320,417023
DD321,417025
DD322,417027
DD323,417029
DD324,417031
DD325,417033
DD326,417035
DD327,417037
DD328,417039
DD329,417041
DD330,417043
DD331,417045
DD332,417047
DD333,417049
DD334,417051
DD335,417053
DD336,417055
DD337,417057
DD338,417059
DD339,417061
DD340,417063
DD341,417065
DD342,417067
DD343,417069
DD344,417071
DD345,417073
DD346,417075
DD347,417077
DD348,417079
DD349,417081
DD350,417083
DD351,417085
DD352,417087
DD353,417089
DD354,417091
DD355,417093
DD356,417095
DD357,417097
DD358,417099
DD359,417101
DD360,417103
DD361,417105
DD362,417107
DD363,417109
DD364,417111
DD365,417113
DD366,417115
DD367,417117
DD368,417119
DD369,417121
DD370,417123
DD371,417125
DD372,417127
DD373,417129
DD374,417131
DD375,417133
DD376,417135
DD377,417137
DD378,417139
DD379,417141
DD380,417143
DD381,417145
DD382,417147
DD383,417149
DD384,417151
DD385,417153
DD386,417155
DD387,417157
DD388,417159
DD389,417161
DD390,417163
DD391,417165
DD392,417167
DD393,417169
DD394,417171
DD395,417173
DD396,417175
DD397,417177
DD398,417179
DD399,417181
DD400,417183
DD401,417185
DD402,417187
DD403,417189
DD404,417191
DD405,417193
DD406,417195
DD407,417197
DD408,417199
DD409,417201
DD410,417203
DD411,417205
DD412,417207
DD413,417209
DD414,417211
DD415,417213
DD416,417215
DD417,417217
DD418,417219
DD419,417221
DD420,417223
DD421,417225
DD422,417227
DD423,417229
DD424,417231
DD425,417233
DD426,417235
DD427,417237
DD428,417239
DD429,417241
DD430,417243
DD431,417245
DD432,417247
DD433,417249
DD434,417251
DD435,417253
DD436,417255
DD437,417257
DD438,417259
DD439,417261
DD440,417263
DD441,417265
DD442,417267
DD443,417269
DD444,417271
DD445,417273
DD446,417275
DD447,417277
DD448,417279
DD449,417281
DD450,417283
DD451,417285
DD452,417287
DD453,417289
DD454,417291
DD455,417293
DD456,417295
DD457,417297
DD458,417299
DD459,417301
DD460,417303
DD461,417305
DD462,417307
DD463,417309
DD464,417311
DD465,417313
DD466,417315
DD467,417317
DD468,417319
DD469,417321
DD470,417323
DD471,417325
DD472,417327
DD473,417329
DD474,417331
DD475,417333
DD476,417335
DD477,417337
DD478,417339
DD479,417341
DD480,417343
DD481,417345
DD482,417347
DD483,417349
DD484,417351
DD485,417353
DD486,417355
DD487,417357
DD488,417359
DD489,417361
DD490,417363
DD491,417365
DD492,417367
DD493,417369
DD494,417371
DD495,417373
DD496,417375
DD497,417377
DD498,417379
DD499,417381
DD500,417383
DD501,417385
DD502,417387
DD503,417389
DD504,417391
DD505,417393
DD506,417395
DD507,417397
DD508,417399
DD509,417401
DD510,417403
DD511,417405
DD512,417407
DD513,417409
DD514,417411
DD515,417413
DD516,417415
DD517,417417
DD518,417419
DD519,417421
DD520,417423
DD521,417425
DD522,417427
DD523,417429
DD524,417431
DD525,417433
DD526,417435
DD527,417437
DD528,417439
DD529,417441
DD530,417443
DD531,417445
DD532,417447
DD533,417449
DD534,417451
DD535,417453
DD536,417455
DD537,417457
DD538,417459
DD539,417461
DD540,417463
DD541,417465
DD542,417467
DD543,417469
DD544,417471
DD545,417473
DD546,417475
DD547,417477
DD548,417479
DD549,417481
DD550,417483
DD551,417485
DD552,417487
DD553,417489
DD554,417491
DD555,417493
DD556,417495
DD557,417497
DD558,417499
DD559,417501
DD560,417503
DD561,417505
DD562,417507
DD563,417509
DD564,417511
DD565,417513
DD566,417515
DD567,417517
DD568,417519
DD569,417521
DD570,417523
DD571,417525
DD572,417527
DD573,417529
DD574,417531
DD575,417533
DD576,417535
DD577,417537
DD578,417539
DD579,417541
DD580,417543
DD581,417545
DD582,417547
DD583,417549
DD584,417551
DD585,417553
DD586,417555
DD587,417557
DD588,417559
DD589,417561
DD590,417563
DD591,417565
DD592,417567
DD593,417569
DD594,417571
DD595,417573
DD596,417575
DD597,417577
DD598,417579
DD599,417581
DD600,417583
DD601,417585
DD602,417587
DD603,417589
DD604,417591
DD605,417593
DD606,417595
DD607,417597
DD608,417599
DD609,417601
DD610,417603
DD611,417605
DD612,417607
DD613,417609
DD614,417611
DD615,417613
DD616,417615
DD617,417617
DD618,417619
DD619,417621
DD620,417623
DD621,417625
DD622,417627
DD623,417629
DD624,417631
DD625,417633
DD626,417635
DD627,417637
DD628,417639
DD629,417641
DD630,417643
DD631,417645
DD632,417647
DD633,417649
DD634,417651
DD635,417653
DD636,417655
DD637,417657
DD638,417659
DD639,417661
DD640,417663
DD641,417665
DD642,417667
DD643,417669
DD644,417671
DD645,417673
DD646,417675
DD647,417677
DD648,417679
DD649,417681
DD650,417683
DD651,417685
DD652,417687
DD653,417689
DD654,417691
DD655,417693
DD656,417695
DD657,417697
DD658,417699
DD659,417701
DD660,417703
DD661,417705
DD662,417707
DD663,417709
DD664,417711
DD665,417713
DD666,417715
DD667,417717
DD668,417719
DD669,417721
DD670,417723
DD671,417725
DD672,417727
DD673,417729
DD674,417731
DD675,417733
DD676,417735
DD677,417737
DD678,417739
DD679,417741
DD680,417743
DD681,417745
DD682,417747
DD683,417749
DD684,417751
DD685,417753
DD686,417755
DD687,417757
DD688,417759
DD689,417761
DD690,417763
DD691,417765
DD692,417767
DD693,417769
DD694,417771
DD695,417773
DD696,417775
DD697,417777
DD698,417779
DD699,417781
DD700,417783
DD701,417785
DD702,417787
DD703,417789
DD704,417791
DD705,417793
DD706,417795
DD707,417797
DD708,417799
DD709,417801
DD710,417803
DD711,417805
DD712,417807
DD713,417809
DD714,417811
DD715,417813
DD716,417815
DD717,417817
DD718,417819
DD719,417821
DD720,417823
DD721,417825
DD722,417827
DD723,417829
DD724,417831
DD725,417833
DD726,417835
DD727,417837
DD728,417839
DD729,417841
DD730,417843
DD731,417845
DD732,417847
DD733,417849
DD734,417851
DD735,417853
DD736,417855
DD737,417857
DD738,417859
DD739,417861
DD740,417863
DD741,417865
DD742,417867
DD743,417869
DD744,417871
DD745,417873
DD746,417875
DD747,417877
DD748,417879
DD749,417881
DD750,417883
DD751,417885
DD752,417887
DD753,417889
DD754,417891
DD755,417893
DD756,417895
DD757,417897
DD758,417899
DD759,417901
DD760,417903
DD761,417905
DD762,417907
DD763,417909
DD764,417911
DD765,417913
DD766,417915
DD767,417917
DD768,417919
DD769,417921
DD770,417923
DD771,417925
DD772,417927
DD773,417929
DD774,417931
DD775,417933
DD776,417935
DD777,417937
DD778,417939
DD779,417941
DD780,417943
DD781,417945
DD782,417947
DD783,417949
DD784,417951
DD785,417953
DD786,417955
DD787,417957
DD788,417959
DD789,417961
DD790,417963
DD791,417965
DD792,417967
DD793,417969
DD794,417971
DD795,417973
DD796,417975
DD797,417977
DD798,417979
DD799,417981
DD800,417983
DD801,417985
DD802,417987
DD803,417989
DD804,417991
DD805,417993
DD806,417995
DD807,417997
DD808,417999
DD809,418001
DD810,418003
DD811,418005
DD812,418007
DD813,418009
DD814,418011
DD815,418013
DD816,418015
DD817,418017
DD818,418019
DD819,418021
DD820,418023
DD821,418025
DD822,418027
DD823,418029
DD824,418031
DD825,418033
DD826,418035
DD827,418037
DD828,418039
DD829,418041
DD830,418043
DD831,418045
DD832,418047
DD833,418049
DD834,418051
DD835,418053
DD836,418055
DD837,418057
DD838,418059
DD839,418061
DD840,418063
DD841,418065
DD842,418067
DD843,418069
DD844,418071
DD845,418073
DD846,418075
DD847,418077
DD848,418079
DD849,418081
DD850,418083
DD851,418085
DD852,418087
DD853,418089
DD854,418091
DD855,418093
DD856,418095
DD857,418097
DD858,418099
DD859,418101
DD860,418103
DD861,418105
DD862,418107
DD863,418109
DD864,418111
DD865,418113
DD866,418115
DD867,418117
DD868,418119
DD869,418121
DD870,418123
DD871,418125
DD872,418127
DD873,418129
DD874,418131
DD875,418133
DD876,418135
DD877,418137
DD878,418139
DD879,418141
DD880,418143
DD881,418145
DD882,418147
DD883,418149
DD884,418151
DD885,418153
DD886,418155
DD887,418157
DD888,418159
DD889,418161
DD890,418163
DD891,418165
DD892,418167
DD893,418169
DD894,418171
DD895,418173
DD896,418175
DD897,418177
DD898,418179
DD899,418181
DD900,418183
DD901,418185
DD902,418187
DD903,418189
DD904,418191
DD905,418193
DD906,418195
DD907,418197
DD908,418199
DD909,418201
DD910,418203
DD911,418205
DD912,418207
DD913,418209
DD914,418211
DD915,418213
DD916,418215
DD917,418217
DD918,418219
DD919,418221
DD920,418223
DD921,418225
DD922,418227
DD923,418229
DD924,418231
DD925,418233
DD926,418235
DD927,418237
DD928,418239
DD929,418241
DD930,418243
DD931,418245
DD932,418247
DD933,418249
DD934,418251
DD935,418253
DD936,418255
DD937,418257
DD938,418259
DD939,418261
DD940,418263
DD941,418265
DD942,418267
DD943,418269
DD944,418271
DD945,418273
DD946,418275
DD947,418277
DD948,418279
DD949,418281
DD950,418283
DD951,418285
DD952,418287
DD953,418289
DD954,418291
DD955,418293
DD956,418295
DD957,418297
DD958,418299
DD959,418301
DD960,418303
DD961,418305
DD962,418307
DD963,418309
DD964,418311
DD965,418313
DD966,418315
DD967,418317
DD968,418319
DD969,418321
DD970,418323
DD971,418325
DD972,418327
DD973,418329
DD974,418331
DD975,418333
DD976,418335
DD977,418337
DD978,418339
DD979,418341
DD980,418343
DD981,418345
DD982,418347
DD983,418349
DD984,418351
DD985,418353
DD986,418355
DD987,418357
DD988,418359
DD989,418361
DD990,418363
DD991,418365
DD992,418367
DD993,418369
DD994,418371
DD995,418373
DD996,418375
DD997,418377
DD998,418379
DD999,418381
DD1000,418383
DH1,424577
DH2,424578
DH3,424579
DH4,424580
DH5,424581
DH6,424582
DH7,424583
DH8,424584
DH9,424585
DH10,424586
DH11,424587
DH12,424588
DH13,424589
DH14,424590
DH15,424591
DH16,424592
DH17,424593
DH18,424594
DH19,424595
DH20,424596
DH21,424597
DH22,424598
DH23,424599
DH24,424600
DH25,424601
DH26,424602
DH27,424603
DH28,424604
DH29,424605
DH30,424606
DH31,424607
DH32,424608
DH33,424609
DH34,424610
DH35,424611
DH36,424612
DH37,424613
DH38,424614
DH39,424615
DH40,424616
DH41,424617
DH42,424618
DH43,424619
DH44,424620
DH45,424621
DH46,424622
DH47,424623
DH48,424624
DH49,424625
DH50,424626
DH51,424627
DH52,424628
DH53,424629
DH54,424630
DH55,424631
DH56,424632
DH57,424633
DH58,424634
DH59,424635
DH60,424636
DH61,424637
DH62,424638
DH63,424639
DH64,424640
DH65,424641
DH66,424642
DH67,424643
DH68,424644
DH69,424645
DH70,424646
DH71,424647
DH72,424648
DH73,424649
DH74,424650
DH75,424651
DH76,424652
DH77,424653
DH78,424654
DH79,424655
DH80,424656
DH81,424657
DH82,424658
DH83,424659
DH84,424660
DH85,424661
DH86,424662
DH87,424663
DH88,424664
DH89,424665
DH90,424666
DH91,424667
DH92,424668
DH93,424669
DH94,424670
DH95,424671
DH96,424672
DH97,424673
DH98,424674
DH99,424675
DH100,424676
DH101,424677
DH102,424678
DH103,424679
DH104,424680
DH105,424681
DH106,424682
DH107,424683
DH108,424684
DH109,424685
DH110,424686
DH111,424687
DH112,424688
DH113,424689
DH114,424690
DH115,424691
DH116,424692
DH117,424693
DH118,424694
DH119,424695
DH120,424696
DH121,424697
DH122,424698
DH123,424699
DH124,424700
DH125,424701
DH126,424702
DH127,424703
DH128,424704
DH129,424705
DH130,424706
DH131,424707
DH132,424708
DH133,424709
DH134,424710
DH135,424711
DH136,424712
DH137,424713
DH138,424714
DH139,424715
DH140,424716
DH141,424717
DH142,424718
DH143,424719
DH144,424720
DH145,424721
DH146,424722
DH147,424723
DH148,424724
DH149,424725
DH150,424726
DH151,424727
DH152,424728
DH153,424729
DH154,424730
DH155,424731
DH156,424732
DH157,424733
DH158,424734
DH159,424735
DH160,424736
DH161,424737
DH162,424738
DH163,424739
DH164,424740
DH165,424741
DH166,424742
DH167,424743
DH168,424744
DH169,424745
DH170,424746
DH171,424747
DH172,424748
DH173,424749
DH174,424750
DH175,424751
DH176,424752
DH177,424753
DH178,424754
DH179,424755
DH180,424756
DH181,424757
DH182,424758
DH183,424759
DH184,424760
DH185,424761
DH186,424762
DH187,424763
DH188,424764
DH189,424765
DH190,424766
DH191,424767
DH192,424768
DH193,424769
DH194,424770
DH195,424771
DH196,424772
DH197,424773
DH198,424774
DH199,424775
DH200,424776
DH201,424777
DH202,424778
DH203,424779
DH204,424780
DH205,424781
DH206,424782
DH207,424783
DH208,424784
DH209,424785
DH210,424786
DH211,424787
DH212,424788
DH213,424789
DH214,424790
DH215,424791
DH216,424792
DH217,424793
DH218,424794
DH219,424795
DH220,424796
DH221,424797
DH222,424798
DH223,424799
DH224,424800
DH225,424801
DH226,424802
DH227,424803
DH228,424804
DH229,424805
DH230,424806
DH231,424807
DH232,424808
DH233,424809
DH234,424810
DH235,424811
DH236,424812
DH237,424813
DH238,424814
DH239,424815
DH240,424816
DH241,424817
DH242,424818
DH243,424819
DH244,424820
DH245,424821
DH246,424822
DH247,424823
DH248,424824
DH249,424825
DH250,424826
DH251,424827
DH252,424828
DH253,424829
DH254,424830
DH255,424831
DH256,424832
DH257,424833
DH258,424834
DH259,424835
DH260,424836
DH261,424837
DH262,424838
DH263,424839
DH264,424840
DH265,424841
DH266,424842
DH267,424843
DH268,424844
DH269,424845
DH270,424846
DH271,424847
DH272,424848
DH273,424849
DH274,424850
DH275,424851
DH276,424852
DH277,424853
DH278,424854
DH279,424855
DH280,424856
DH281,424857
DH282,424858
DH283,424859
DH284,424860
DH285,424861
DH286,424862
DH287,424863
DH288,424864
DH289,424865
DH290,424866
DH291,424867
DH292,424868
DH293,424869
DH294,424870
DH295,424871
DH296,424872
DH297,424873
DH298,424874
DH299,424875
DH300,424876
DH301,424877
DH302,424878
DH303,424879
DH304,424880
DH305,424881
DH306,424882
DH307,424883
DH308,424884
DH309,424885
DH310,424886
DH311,424887
DH312,424888
DH313,424889
DH314,424890
DH315,424891
DH316,424892
DH317,424893
DH318,424894
DH319,424895
DH320,424896
DH321,424897
DH322,424898
DH323,424899
DH324,424900
DH325,424901
DH326,424902
DH327,424903
DH328,424904
DH329,424905
DH330,424906
DH331,424907
DH332,424908
DH333,424909
DH334,424910
DH335,424911
DH336,424912
DH337,424913
DH338,424914
DH339,424915
DH340,424916
DH341,424917
DH342,424918
DH343,424919
DH344,424920
DH345,424921
DH346,424922
DH347,424923
DH348,424924
DH349,424925
DH350,424926
DH351,424927
DH352,424928
DH353,424929
DH354,424930
DH355,424931
DH356,424932
DH357,424933
DH358,424934
DH359,424935
DH360,424936
DH361,424937
DH362,424938
DH363,424939
DH364,424940
DH365,424941
DH366,424942
DH367,424943
DH368,424944
DH369,424945
DH370,424946
DH371,424947
DH372,424948
DH373,424949
DH374,424950
DH375,424951
DH376,424952
DH377,424953
DH378,424954
DH379,424955
DH380,424956
DH381,424957
DH382,424958
DH383,424959
DH384,424960
DH385,424961
DH386,424962
DH387,424963
DH388,424964
DH389,424965
DH390,424966
DH391,424967
DH392,424968
DH393,424969
DH394,424970
DH395,424971
DH396,424972
DH397,424973
DH398,424974
DH399,424975
DH400,424976
DH401,424977
DH402,424978
DH403,424979
DH404,424980
DH405,424981
DH406,424982
DH407,424983
DH408,424984
DH409,424985
DH410,424986
DH411,424987
DH412,424988
DH413,424989
DH414,424990
DH415,424991
DH416,424992
DH417,424993
DH418,424994
DH419,424995
DH420,424996
DH421,424997
DH422,424998
DH423,424999
DH424,425000
DH425,425001
DH426,425002
DH427,425003
DH428,425004
DH429,425005
DH430,425006
DH431,425007
DH432,425008
DH433,425009
DH434,425010
DH435,425011
DH436,425012
DH437,425013
DH438,425014
DH439,425015
DH440,425016
DH441,425017
DH442,425018
DH443,425019
DH444,425020
DH445,425021
DH446,425022
DH447,425023
DH448,425024
DH449,425025
DH450,425026
DH451,425027
DH452,425028
DH453,425029
DH454,425030
DH455,425031
DH456,425032
DH457,425033
DH458,425034
DH459,425035
DH460,425036
DH461,425037
DH462,425038
DH463,425039
DH464,425040
DH465,425041
DH466,425042
DH467,425043
DH468,425044
DH469,425045
DH470,425046
DH471,425047
DH472,425048
DH473,425049
DH474,425050
DH475,425051
DH476,425052
DH477,425053
DH478,425054
DH479,425055
DH480,425056
DH481,425057
DH482,425058
DH483,425059
DH484,425060
DH485,425061
DH486,425062
DH487,425063
DH488,425064
DH489,425065
DH490,425066
DH491,425067
DH492,425068
DH493,425069
DH494,425070
DH495,425071
DH496,425072
DH497,425073
DH498,425074
DH499,425075
DH500,425076
DF1,428673
DF2,428675
DF3,428677
DF4,428679
DF5,428681
DF6,428683
DF7,428685
DF8,428687
DF9,428689
DF10,428691
DF11,428693
DF12,428695
DF13,428697
DF14,428699
DF15,428701
DF16,428703
DF17,428705
DF18,428707
DF19,428709
DF20,428711
DF21,428713
DF22,428715
DF23,428717
DF24,428719
DF25,428721
DF26,428723
DF27,428725
DF28,428727
DF29,428729
DF30,428731
DF31,428733
DF32,428735
DF33,428737
DF34,428739
DF35,428741
DF36,428743
DF37,428745
DF38,428747
DF39,428749
DF40,428751
DF41,428753
DF42,428755
DF43,428757
DF44,428759
DF45,428761
DF46,428763
DF47,428765
DF48,428767
DF49,428769
DF50,428771
DF51,428773
DF52,428775
DF53,428777
DF54,428779
DF55,428781
DF56,428783
DF57,428785
DF58,428787
DF59,428789
DF60,428791
DF61,428793
DF62,428795
DF63,428797
DF64,428799
DF65,428801
DF66,428803
DF67,428805
DF68,428807
DF69,428809
DF70,428811
DF71,428813
DF72,428815
DF73,428817
DF74,428819
DF75,428821
DF76,428823
DF77,428825
DF78,428827
DF79,428829
DF80,428831
DF81,428833
DF82,428835
DF83,428837
DF84,428839
DF85,428841
DF86,428843
DF87,428845
DF88,428847
DF89,428849
DF90,428851
DF91,428853
DF92,428855
DF93,428857
DF94,428859
DF95,428861
DF96,428863
DF97,428865
DF98,428867
DF99,428869
DF100,428871
DF101,428873
DF102,428875
DF103,428877
DF104,428879
DF105,428881
DF106,428883
DF107,428885
DF108,428887
DF109,428889
DF110,428891
DF111,428893
DF112,428895
DF113,428897
DF114,428899
DF115,428901
DF116,428903
DF117,428905
DF118,428907
DF119,428909
DF120,428911
DF121,428913
DF122,428915
DF123,428917
DF124,428919
DF125,428921
DF126,428923
DF127,428925
DF128,428927
DF129,428929
DF130,428931
DF131,428933
DF132,428935
DF133,428937
DF134,428939
DF135,428941
DF136,428943
DF137,428945
DF138,428947
DF139,428949
DF140,428951
DF141,428953
DF142,428955
DF143,428957
DF144,428959
DF145,428961
DF146,428963
DF147,428965
DF148,428967
DF149,428969
DF150,428971
DF151,428973
DF152,428975
DF153,428977
DF154,428979
DF155,428981
DF156,428983
DF157,428985
DF158,428987
DF159,428989
DF160,428991
DF161,428993
DF162,428995
DF163,428997
DF164,428999
DF165,429001
DF166,429003
DF167,429005
DF168,429007
DF169,429009
DF170,429011
DF171,429013
DF172,429015
DF173,429017
DF174,429019
DF175,429021
DF176,429023
DF177,429025
DF178,429027
DF179,429029
DF180,429031
DF181,429033
DF182,429035
DF183,429037
DF184,429039
DF185,429041
DF186,429043
DF187,429045
DF188,429047
DF189,429049
DF190,429051
DF191,429053
DF192,429055
DF193,429057
DF194,429059
DF195,429061
DF196,429063
DF197,429065
DF198,429067
DF199,429069
DF200,429071
DF201,429073
DF202,429075
DF203,429077
DF204,429079
DF205,429081
DF206,429083
DF207,429085
DF208,429087
DF209,429089
DF210,429091
DF211,429093
DF212,429095
DF213,429097
DF214,429099
DF215,429101
DF216,429103
DF217,429105
DF218,429107
DF219,429109
DF220,429111
DF221,429113
DF222,429115
DF223,429117
DF224,429119
DF225,429121
DF226,429123
DF227,429125
DF228,429127
DF229,429129
DF230,429131
DF231,429133
DF232,429135
DF233,429137
DF234,429139
DF235,429141
DF236,429143
DF237,429145
DF238,429147
DF239,429149
DF240,429151
DF241,429153
DF242,429155
DF243,429157
DF244,429159
DF245,429161
DF246,429163
DF247,429165
DF248,429167
DF249,429169
DF250,429171
DF251,429173
DF252,429175
DF253,429177
DF254,429179
DF255,429181
DF256,429183
DF257,429185
DF258,429187
DF259,429189
DF260,429191
DF261,429193
DF262,429195
DF263,429197
DF264,429199
DF265,429201
DF266,429203
DF267,429205
DF268,429207
DF269,429209
DF270,429211
DF271,429213
DF272,429215
DF273,429217
DF274,429219
DF275,429221
DF276,429223
DF277,429225
DF278,429227
DF279,429229
DF280,429231
DF281,429233
DF282,429235
DF283,429237
DF284,429239
DF285,429241
DF286,429243
DF287,429245
DF288,429247
DF289,429249
DF290,429251
DF291,429253
DF292,429255
DF293,429257
DF294,429259
DF295,429261
DF296,429263
DF297,429265
DF298,429267
DF299,429269
DF300,429271
DF301,429273
DF302,429275
DF303,429277
DF304,429279
DF305,429281
DF306,429283
DF307,429285
DF308,429287
DF309,429289
DF310,429291
DF311,429293
DF312,429295
DF313,429297
DF314,429299
DF315,429301
DF316,429303
DF317,429305
DF318,429307
DF319,429309
DF320,429311
DF321,429313
DF322,429315
DF323,429317
DF324,429319
DF325,429321
DF326,429323
DF327,429325
DF328,429327
DF329,429329
DF330,429331
DF331,429333
DF332,429335
DF333,429337
DF334,429339
DF335,429341
DF336,429343
DF337,429345
DF338,429347
DF339,429349
DF340,429351
DF341,429353
DF342,429355
DF343,429357
DF344,429359
DF345,429361
DF346,429363
DF347,429365
DF348,429367
DF349,429369
DF350,429371
DF351,429373
DF352,429375
DF353,429377
DF354,429379
DF355,429381
DF356,429383
DF357,429385
DF358,429387
DF359,429389
DF360,429391
DF361,429393
DF362,429395
DF363,429397
DF364,429399
DF365,429401
DF366,429403
DF367,429405
DF368,429407
DF369,429409
DF370,429411
DF371,429413
DF372,429415
DF373,429417
DF374,429419
DF375,429421
DF376,429423
DF377,429425
DF378,429427
DF379,429429
DF380,429431
DF381,429433
DF382,429435
DF383,429437
DF384,429439
DF385,429441
DF386,429443
DF387,429445
DF388,429447
DF389,429449
DF390,429451
DF391,429453
DF392,429455
DF393,429457
DF394,429459
DF395,429461
DF396,429463
DF397,429465
DF398,429467
DF399,429469
DF400,429471
DF401,429473
DF402,429475
DF403,429477
DF404,429479
DF405,429481
DF406,429483
DF407,429485
DF408,429487
DF409,429489
DF410,429491
DF411,429493
DF412,429495
DF413,429497
DF414,429499
DF415,429501
DF416,429503
DF417,429505
DF418,429507
DF419,429509
DF420,429511
DF421,429513
DF422,429515
DF423,429517
DF424,429519
DF425,429521
DF426,429523
DF427,429525
DF428,429527
DF429,429529
DF430,429531
DF431,429533
DF432,429535
DF433,429537
DF434,429539
DF435,429541
DF436,429543
DF437,429545
DF438,429547
DF439,429549
DF440,429551
DF441,429553
DF442,429555
DF443,429557
DF444,429559
DF445,429561
DF446,429563
DF447,429565
DF448,429567
DF449,429569
DF450,429571
DF451,429573
DF452,429575
DF453,429577
DF454,429579
DF455,429581
DF456,429583
DF457,429585
DF458,429587
DF459,429589
DF460,429591
DF461,429593
DF462,429595
DF463,429597
DF464,429599
DF465,429601
DF466,429603
DF467,429605
DF468,429607
DF469,429609
DF470,429611
DF471,429613
DF472,429615
DF473,429617
DF474,429619
DF475,429621
DF476,429623
DF477,429625
DF478,429627
DF479,429629
DF480,429631
DF481,429633
DF482,429635
DF483,429637
DF484,429639
DF485,429641
DF486,429643
DF487,429645
DF488,429647
DF489,429649
DF490,429651
DF491,429653
DF492,429655
DF493,429657
DF494,429659
DF495,429661
DF496,429663
DF497,429665
DF498,429667
DF499,429669
DF500,429671
XD0,357345
XD0u,357346
XD1,357347
,357348
XD2,357349
,357350
XD3,357351
,357352
XD4,357353
,357354
XD5,357355
,357356
XD6,357357
,357358
XD7,357359
,357360
XD8,357361
,357362
YD0,457857
YD0u,457858
YD1,457859
,457860
YD2,457861
,457862
YD3,457863
,457864
YD4,457865
,457866
YD5,457867
,457868
YD6,457869
,457870
YD7,457871
,457872
YD8,457873
,457874
TD1,445057
TD2,445058
TD3,445059
TD4,445060
TD5,445061
TD6,445062
TD7,445063
TD8,445064
TD9,445065
TD10,445066
TD11,445067
TD12,445068
TD13,445069
TD14,445070
TD15,445071
TD16,445072
TD17,445073
TD18,445074
TD19,445075
TD20,445076
TD21,445077
TD22,445078
TD23,445079
TD24,445080
TD25,445081
TD26,445082
TD27,445083
TD28,445084
TD29,445085
TD30,445086
TD31,445087
TD32,445088
TD33,445089
TD34,445090
TD35,445091
TD36,445092
TD37,445093
TD38,445094
TD39,445095
TD40,445096
TD41,445097
TD42,445098
TD43,445099
TD44,445100
TD45,445101
TD46,445102
TD47,445103
TD48,445104
TD49,445105
TD50,445106
TD51,445107
TD52,445108
TD53,445109
TD54,445110
TD55,445111
TD56,445112
TD57,445113
TD58,445114
TD59,445115
TD60,445116
TD61,445117
TD62,445118
TD63,445119
TD64,445120
TD65,445121
TD66,445122
TD67,445123
TD68,445124
TD69,445125
TD70,445126
TD71,445127
TD72,445128
TD73,445129
TD74,445130
TD75,445131
TD76,445132
TD77,445133
TD78,445134
TD79,445135
TD80,445136
TD81,445137
TD82,445138
TD83,445139
TD84,445140
TD85,445141
TD86,445142
TD87,445143
TD88,445144
TD89,445145
TD90,445146
TD91,445147
TD92,445148
TD93,445149
TD94,445150
TD95,445151
TD96,445152
TD97,445153
TD98,445154
TD99,445155
TD100,445156
TD101,445157
TD102,445158
TD103,445159
TD104,445160
TD105,445161
TD106,445162
TD107,445163
TD108,445164
TD109,445165
TD110,445166
TD111,445167
TD112,445168
TD113,445169
TD114,445170
TD115,445171
TD116,445172
TD117,445173
TD118,445174
TD119,445175
TD120,445176
TD121,445177
TD122,445178
TD123,445179
TD124,445180
TD125,445181
TD126,445182
TD127,445183
TD128,445184
TD129,445185
TD130,445186
TD131,445187
TD132,445188
TD133,445189
TD134,445190
TD135,445191
TD136,445192
TD137,445193
TD138,445194
TD139,445195
TD140,445196
TD141,445197
TD142,445198
TD143,445199
TD144,445200
TD145,445201
TD146,445202
TD147,445203
TD148,445204
TD149,445205
TD150,445206
TD151,445207
TD152,445208
TD153,445209
TD154,445210
TD155,445211
TD156,445212
TD157,445213
TD158,445214
TD159,445215
TD160,445216
TD161,445217
TD162,445218
TD163,445219
TD164,445220
TD165,445221
TD166,445222
TD167,445223
TD168,445224
TD169,445225
TD170,445226
TD171,445227
TD172,445228
TD173,445229
TD174,445230
TD175,445231
TD176,445232
TD177,445233
TD178,445234
TD179,445235
TD180,445236
TD181,445237
TD182,445238
TD183,445239
TD184,445240
TD185,445241
TD186,445242
TD187,445243
TD188,445244
TD189,445245
TD190,445246
TD191,445247
TD192,445248
TD193,445249
TD194,445250
TD195,445251
TD196,445252
TD197,445253
TD198,445254
TD199,445255
TD200,445256
TD201,445257
TD202,445258
TD203,445259
TD204,445260
TD205,445261
TD206,445262
TD207,445263
TD208,445264
TD209,445265
TD210,445266
TD211,445267
TD212,445268
TD213,445269
TD214,445270
TD215,445271
TD216,445272
TD217,445273
TD218,445274
TD219,445275
TD220,445276
TD221,445277
TD222,445278
TD223,445279
TD224,445280
TD225,445281
TD226,445282
TD227,445283
TD228,445284
TD229,445285
TD230,445286
TD231,445287
TD232,445288
TD233,445289
TD234,445290
TD235,445291
TD236,445292
TD237,445293
TD238,445294
TD239,445295
TD240,445296
TD241,445297
TD242,445298
TD243,445299
TD244,445300
TD245,445301
TD246,445302
TD247,445303
TD248,445304
TD249,445305
TD250,445306
TD251,445307
TD252,445308
TD253,445309
TD254,445310
TD255,445311
TD256,445312
TD257,445313
TD258,445314
TD259,445315
TD260,445316
TD261,445317
TD262,445318
TD263,445319
TD264,445320
TD265,445321
TD266,445322
TD267,445323
TD268,445324
TD269,445325
TD270,445326
TD271,445327
TD272,445328
TD273,445329
TD274,445330
TD275,445331
TD276,445332
TD277,445333
TD278,445334
TD279,445335
TD280,445336
TD281,445337
TD282,445338
TD283,445339
TD284,445340
TD285,445341
TD286,445342
TD287,445343
TD288,445344
TD289,445345
TD290,445346
TD291,445347
TD292,445348
TD293,445349
TD294,445350
TD295,445351
TD296,445352
TD297,445353
TD298,445354
TD299,445355
TD300,445356
TD301,445357
TD302,445358
TD303,445359
TD304,445360
TD305,445361
TD306,445362
TD307,445363
TD308,445364
TD309,445365
TD310,445366
TD311,445367
TD312,445368
TD313,445369
TD314,445370
TD315,445371
TD316,445372
TD317,445373
TD318,445374
TD319,445375
TD320,445376
TD321,445377
TD322,445378
TD323,445379
TD324,445380
TD325,445381
TD326,445382
TD327,445383
TD328,445384
TD329,445385
TD330,445386
TD331,445387
TD332,445388
TD333,445389
TD334,445390
TD335,445391
TD336,445392
TD337,445393
TD338,445394
TD339,445395
TD340,445396
TD341,445397
TD342,445398
TD343,445399
TD344,445400
TD345,445401
TD346,445402
TD347,445403
TD348,445404
TD349,445405
TD350,445406
TD351,445407
TD352,445408
TD353,445409
TD354,445410
TD355,445411
TD356,445412
TD357,445413
TD358,445414
TD359,445415
TD360,445416
TD361,445417
TD362,445418
TD363,445419
TD364,445420
TD365,445421
TD366,445422
TD367,445423
TD368,445424
TD369,445425
TD370,445426
TD371,445427
TD372,445428
TD373,445429
TD374,445430
TD375,445431
TD376,445432
TD377,445433
TD378,445434
TD379,445435
TD380,445436
TD381,445437
TD382,445438
TD383,445439
TD384,445440
TD385,445441
TD386,445442
TD387,445443
TD388,445444
TD389,445445
TD390,445446
TD391,445447
TD392,445448
TD393,445449
TD394,445450
TD395,445451
TD396,445452
TD397,445453
TD398,445454
TD399,445455
TD400,445456
TD401,445457
TD402,445458
TD403,445459
TD404,445460
TD405,445461
TD406,445462
TD407,445463
TD408,445464
TD409,445465
TD410,445466
TD411,445467
TD412,445468
TD413,445469
TD414,445470
TD415,445471
TD416,445472
TD417,445473
TD418,445474
TD419,445475
TD420,445476
TD421,445477
TD422,445478
TD423,445479
TD424,445480
TD425,445481
TD426,445482
TD427,445483
TD428,445484
TD429,445485
TD430,445486
TD431,445487
TD432,445488
TD433,445489
TD434,445490
TD435,445491
TD436,445492
TD437,445493
TD438,445494
TD439,445495
TD440,445496
TD441,445497
TD442,445498
TD443,445499
TD444,445500
TD445,445501
TD446,445502
TD447,445503
TD448,445504
TD449,445505
TD450,445506
TD451,445507
TD452,445508
TD453,445509
TD454,445510
TD455,445511
TD456,445512
TD457,445513
TD458,445514
TD459,445515
TD460,445516
TD461,445517
TD462,445518
TD463,445519
TD464,445520
TD465,445521
TD466,445522
TD467,445523
TD468,445524
TD469,445525
TD470,445526
TD471,445527
TD472,445528
TD473,445529
TD474,445530
TD475,445531
TD476,445532
TD477,445533
TD478,445534
TD479,445535
TD480,445536
TD481,445537
TD482,445538
TD483,445539
TD484,445540
TD485,445541
TD486,445542
TD487,445543
TD488,445544
TD489,445545
TD490,445546
TD491,445547
TD492,445548
TD493,445549
TD494,445550
TD495,445551
TD496,445552
TD497,445553
TD498,445554
TD499,445555
TD500,445556
CTD1,449153
CTD2,449155
CTD3,449157
CTD4,449159
CTD5,449161
CTD6,449163
CTD7,449165
CTD8,449167
CTD9,449169
CTD10,449171
CTD11,449173
CTD12,449175
CTD13,449177
CTD14,449179
CTD15,449181
CTD16,449183
CTD17,449185
CTD18,449187
CTD19,449189
CTD20,449191
CTD21,449193
CTD22,449195
CTD23,449197
CTD24,449199
CTD25,449201
CTD26,449203
CTD27,449205
CTD28,449207
CTD29,449209
CTD30,449211
CTD31,449213
CTD32,449215
CTD33,449217
CTD34,449219
CTD35,449221
CTD36,449223
CTD37,449225
CTD38,449227
CTD39,449229
CTD40,449231
CTD41,449233
CTD42,449235
CTD43,449237
CTD44,449239
CTD45,449241
CTD46,449243
CTD47,449245
CTD48,449247
CTD49,449249
CTD50,449251
CTD51,449253
CTD52,449255
CTD53,449257
CTD54,449259
CTD55,449261
CTD56,449263
CTD57,449265
CTD58,449267
CTD59,449269
CTD60,449271
CTD61,449273
CTD62,449275
CTD63,449277
CTD64,449279
CTD65,449281
CTD66,449283
CTD67,449285
CTD68,449287
CTD69,449289
CTD70,449291
CTD71,449293
CTD72,449295
CTD73,449297
CTD74,449299
CTD75,449301
CTD76,449303
CTD77,449305
CTD78,449307
CTD79,449309
CTD80,449311
CTD81,449313
CTD82,449315
CTD83,449317
CTD84,449319
CTD85,449321
CTD86,449323
CTD87,449325
CTD88,449327
CTD89,449329
CTD90,449331
CTD91,449333
CTD92,449335
CTD93,449337
CTD94,449339
CTD95,449341
CTD96,449343
CTD97,449345
CTD98,449347
CTD99,449349
CTD100,449351
CTD101,449353
CTD102,449355
CTD103,449357
CTD104,449359
CTD105,449361
CTD106,449363
CTD107,449365
CTD108,449367
CTD109,449369
CTD110,449371
CTD111,449373
CTD112,449375
CTD113,449377
CTD114,449379
CTD115,449381
CTD116,449383
CTD117,449385
CTD118,449387
CTD119,449389
CTD120,449391
CTD121,449393
CTD122,449395
CTD123,449397
CTD124,449399
CTD125,449401
CTD126,449403
CTD127,449405
CTD128,449407
CTD129,449409
CTD130,449411
CTD131,449413
CTD132,449415
CTD133,449417
CTD134,449419
CTD135,449421
CTD136,449423
CTD137,449425
CTD138,449427
CTD139,449429
CTD140,449431
CTD141,449433
CTD142,449435
CTD143,449437
CTD144,449439
CTD145,449441
CTD146,449443
CTD147,449445
CTD148,449447
CTD149,449449
CTD150,449451
CTD151,449453
CTD152,449455
CTD153,449457
CTD154,449459
CTD155,449461
CTD156,449463
CTD157,449465
CTD158,449467
CTD159,449469
CTD160,449471
CTD161,449473
CTD162,449475
CTD163,449477
CTD164,449479
CTD165,449481
CTD166,449483
CTD167,449485
CTD168,449487
CTD169,449489
CTD170,449491
CTD171,449493
CTD172,449495
CTD173,449497
CTD174,449499
CTD175,449501
CTD176,449503
CTD177,449505
CTD178,449507
CTD179,449509
CTD180,449511
CTD181,449513
CTD182,449515
CTD183,449517
CTD184,449519
CTD185,449521
CTD186,449523
CTD187,449525
CTD188,449527
CTD189,449529
CTD190,449531
CTD191,449533
CTD192,449535
CTD193,449537
CTD194,449539
CTD195,449541
CTD196,449543
CTD197,449545
CTD198,449547
CTD199,449549
CTD200,449551
CTD201,449553
CTD202,449555
CTD203,449557
CTD204,449559
CTD205,449561
CTD206,449563
CTD207,449565
CTD208,449567
CTD209,449569
CTD210,449571
CTD211,449573
CTD212,449575
CTD213,449577
CTD214,449579
CTD215,449581
CTD216,449583
CTD217,449585
CTD218,449587
CTD219,449589
CTD220,449591
CTD221,449593
CTD222,449595
CTD223,449597
CTD224,449599
CTD225,449601
CTD226,449603
CTD227,449605
CTD228,449607
CTD229,449609
CTD230,449611
CTD231,449613
CTD232,449615
CTD233,449617
CTD234,449619
CTD235,449621
CTD236,449623
CTD237,449625
CTD238,449627
CTD239,449629
CTD240,449631
CTD241,449633
CTD242,449635
CTD243,449637
CTD244,449639
CTD245,449641
CTD246,449643
CTD247,449645
CTD248,449647
CTD249,449649
CTD250,449651
SD1,361441
SD2,361442
SD3,361443
SD4,361444
SD5,361445
SD6,361446
SD7,361447
SD8,361448
SD9,361449
SD10,361450
SD11,361451
SD12,361452
SD13,361453
SD14,361454
SD15,361455
SD16,361456
SD17,361457
SD18,361458
SD19,361459
SD20,361460
SD21,361461
SD22,361462
SD23,361463
SD24,361464
SD25,361465
SD26,361466
SD27,361467
SD28,361468
SD29,461469
SD30,361470
SD31,461471
SD32,461472
SD33,361473
SD34,461474
SD35,461475
SD36,461476
SD37,361477
SD38,361478
SD39,361479
SD40,461480
SD41,461481
SD42,461482
SD43,361483
SD44,361484
SD45,361485
SD46,361486
SD47,361487
SD48,361488
SD49,361489
SD50,461490
SD51,461491
SD52,361492
SD53,361493
SD54,361494
SD55,361495
SD56,361496
SD57,361497
SD58,361498
SD59,361499
SD60,461500
SD61,461501
SD62,361502
SD63,361503
SD64,361504
SD65,361505
SD66,361506
SD67,361507
SD68,361508
SD69,361509
SD70,361510
SD71,361511
SD72,361512
SD73,361513
SD74,361514
SD75,361515
SD76,361516
SD77,361517
SD78,361518
SD79,361519
SD80,361520
SD81,361521
SD82,361522
SD83,361523
SD84,361524
SD85,361525
SD86,361526
SD87,361527
SD88,361528
SD89,361529
SD90,361530
SD91,361531
SD92,361532
SD93,361533
SD94,361534
SD95,361535
SD96,361536
SD97,361537
SD98,361538
SD99,361539
SD100,361540
SD101,361541
SD102,361542
SD103,361543
SD104,361544
SD105,361545
SD106,461546
SD107,461547
SD108,461548
SD109,361549
SD110,361550
SD111,361551
SD112,461552
SD113,461553
SD114,461554
SD115,361555
SD116,361556
SD117,361557
SD118,361558
SD119,361559
SD120,361560
SD121,361561
SD122,361562
SD123,361563
SD124,361564
SD125,361565
SD126,361566
SD127,361567
SD128,361568
SD129,361569
SD130,361570
SD131,361571
SD132,361572
SD133,361573
SD134,361574
SD135,361575
SD136,361576
SD137,361577
SD138,361578
SD139,361579
SD140,461580
SD141,461581
SD142,461582
SD143,461583
SD144,461584
SD145,461585
SD146,461586
SD147,461587
SD148,361588
SD149,361589
SD150,361590
SD151,361591
SD152,361592
SD153,361593
SD154,361594
SD155,361595
SD156,361596
SD157,361597
SD158,361598
SD159,361599
SD160,361600
SD161,361601
SD162,361602
SD163,361603
SD164,361604
SD165,361605
SD166,361606
SD167,361607
SD168,361608
SD169,361609
SD170,361610
SD171,361611
SD172,361612
SD173,361613
SD174,361614
SD175,361615
SD176,361616
SD177,361617
SD178,361618
SD179,361619
SD180,361620
SD181,361621
SD182,361622
SD183,361623
SD184,361624
SD185,361625
SD186,361626
SD187,361627
SD188,361628
SD189,361629
SD190,361630
SD191,361631
SD192,361632
SD193,361633
SD194,361634
SD195,361635
SD196,361636
SD197,361637
SD198,361638
SD199,361639
SD200,361640
SD201,361641
SD202,361642
SD203,361643
SD204,361644
SD205,361645
SD206,361646
SD207,361647
SD208,361648
SD209,361649
SD210,361650
SD211,361651
SD212,361652
SD213,361653
SD214,461654
SD215,461655
SD216,361656
SD217,361657
SD218,361658
SD219,361659
SD220,361660
SD221,361661
SD222,361662
SD223,361663
SD224,361664
SD225,361665
SD226,361666
SD227,361667
SD228,361668
SD229,361669
SD230,361670
SD231,361671
SD232,361672
SD233,361673
SD234,361674
SD235,361675
SD236,361676
SD237,361677
SD238,361678
SD239,361679
SD240,361680
SD241,361681
SD242,361682
SD243,361683
SD244,361684
SD245,361685
SD246,361686
SD247,361687
SD248,361688
SD249,361689
SD250,361690
SD251,361691
SD252,361692
SD253,361693
SD254,361694
SD255,361695
SD256,361696
SD257,361697
SD258,361698
SD259,361699
SD260,361700
SD261,361701
SD262,361702
SD263,361703
SD264,361704
SD265,361705
SD266,361706
SD267,361707
SD268,361708
SD269,361709
SD270,361710
SD271,361711
SD272,361712
SD273,361713
SD274,361714
SD275,361715
SD276,361716
SD277,361717
SD278,361718
SD279,361719
SD280,361720
SD281,361721
SD282,361722
SD283,361723
SD284,361724
SD285,361725
SD286,361726
SD287,361727
SD288,361728
SD289,361729
SD290,361730
SD291,361731
SD292,361732
SD293,361733
SD294,361734
SD295,361735
SD296,361736
SD297,361737
SD298,361738
SD299,361739
SD300,361740
SD301,361741
SD302,361742
SD303,361743
SD304,361744
SD305,361745
SD306,361746
SD307,361747
SD308,361748
SD309,361749
SD310,361750
SD311,361751
SD312,361752
SD313,361753
SD314,361754
SD315,361755
SD316,361756
SD317,361757
SD318,361758
SD319,361759
SD320,361760
SD321,361761
SD322,361762
SD323,361763
SD324,361764
SD325,361765
SD326,361766
SD327,361767
SD328,361768
SD329,361769
SD330,361770
SD331,361771
SD332,361772
SD333,361773
SD334,361774
SD335,361775
SD336,361776
SD337,361777
SD338,361778
SD339,361779
SD340,361780
SD341,361781
SD342,361782
SD343,361783
SD344,361784
SD345,361785
SD346,361786
SD347,361787
SD348,361788
SD349,361789
SD350,361790
SD351,361791
SD352,361792
SD353,361793
SD354,361794
SD355,361795
SD356,361796
SD357,361797
SD358,361798
SD359,361799
SD360,361800
SD361,361801
SD362,361802
SD363,361803
SD364,361804
SD365,361805
SD366,361806
SD367,361807
SD368,361808
SD369,361809
SD370,361810
SD371,361811
SD372,361812
SD373,361813
SD374,361814
SD375,361815
SD376,361816
SD377,361817
SD378,361818
SD379,361819
SD380,361820
SD381,361821
SD382,361822
SD383,361823
SD384,361824
SD385,361825
SD386,361826
SD387,361827
SD388,361828
SD389,361829
SD390,361830
SD391,361831
SD392,361832
SD393,361833
SD394,361834
SD395,361835
SD396,361836
SD397,361837
SD398,361838
SD399,361839
SD400,361840
SD401,361841
SD402,361842
SD403,361843
SD404,361844
SD405,361845
SD406,361846
SD407,361847
SD408,361848
SD409,361849
SD410,361850
SD411,361851
SD412,361852
SD413,361853
SD414,361854
SD415,361855
SD416,361856
SD417,361857
SD418,361858
SD419,361859
SD420,361860
SD421,361861
SD422,361862
SD423,361863
SD424,361864
SD425,361865
SD426,361866
SD427,361867
SD428,361868
SD429,361869
SD430,361870
SD431,361871
SD432,361872
SD433,361873
SD434,361874
SD435,361875
SD436,361876
SD437,361877
SD438,361878
SD439,361879
SD440,361880
SD441,361881
SD442,361882
SD443,361883
SD444,361884
SD445,361885
SD446,361886
SD447,361887
SD448,361888
SD449,361889
SD450,361890
SD451,361891
SD452,361892
SD453,361893
SD454,361894
SD455,361895
SD456,361896
SD457,361897
SD458,361898
SD459,361899
SD460,361900
SD461,361901
SD462,361902
SD463,361903
SD464,361904
SD465,361905
SD466,361906
SD467,361907
SD468,361908
SD469,361909
SD470,361910
SD471,361911
SD472,361912
SD473,361913
SD474,361914
SD475,361915
SD476,361916
SD477,361917
SD478,361918
SD479,361919
SD480,361920
SD481,361921
SD482,361922
SD483,361923
SD484,361924
SD485,361925
SD486,361926
SD487,361927
SD488,361928
SD489,361929
SD490,361930
SD491,361931
SD492,361932
SD493,361933
SD494,361934
SD495,361935
SD496,361936
SD497,361937
SD498,361938
SD499,361939
SD500,361940
SD501,361941
SD502,361942
SD503,361943
SD504,361944
SD505,361945
SD506,361946
SD507,361947
SD508,361948
SD509,361949
SD510,361950
SD511,361951
SD512,361952
SD513,361953
SD514,361954
SD515,361955
SD516,361956
SD517,361957
SD518,361958
SD519,361959
SD520,361960
SD521,361961
SD522,361962
SD523,361963
SD524,361964
SD525,361965
SD526,361966
SD527,361967
SD528,361968
SD529,361969
SD530,361970
SD531,361971
SD532,361972
SD533,361973
SD534,361974
SD535,361975
SD536,361976
SD537,361977
SD538,361978
SD539,361979
SD540,361980
SD541,361981
SD542,361982
SD543,361983
SD544,361984
SD545,361985
SD546,361986
SD547,361987
SD548,361988
SD549,361989
SD550,361990
SD551,361991
SD552,361992
SD553,361993
SD554,361994
SD555,361995
SD556,361996
SD557,361997
SD558,361998
SD559,361999
SD560,362000
SD561,362001
SD562,362002
SD563,362003
SD564,362004
SD565,362005
SD566,362006
SD567,362007
SD568,362008
SD569,362009
SD570,362010
SD571,362011
SD572,362012
SD573,362013
SD574,362014
SD575,362015
SD576,362016
SD577,362017
SD578,362018
SD579,362019
SD580,362020
SD581,362021
SD582,362022
SD583,362023
SD584,362024
SD585,362025
SD586,362026
SD587,362027
SD588,362028
SD589,362029
SD590,362030
SD591,362031
SD592,362032
SD593,362033
SD594,362034
SD595,362035
SD596,362036
SD597,362037
SD598,362038
SD599,362039
SD600,362040
SD601,362041
SD602,362042
SD603,362043
SD604,362044
SD605,362045
SD606,362046
SD607,362047
SD608,362048
SD609,362049
SD610,362050
SD611,362051
SD612,362052
SD613,362053
SD614,362054
SD615,362055
SD616,362056
SD617,362057
SD618,362058
SD619,362059
SD620,362060
SD621,362061
SD622,362062
SD623,362063
SD624,362064
SD625,362065
SD626,362066
SD627,362067
SD628,362068
SD629,362069
SD630,362070
SD631,362071
SD632,362072
SD633,362073
SD634,362074
SD635,362075
SD636,362076
SD637,362077
SD638,362078
SD639,362079
SD640,362080
SD641,362081
SD642,362082
SD643,362083
SD644,362084
SD645,362085
SD646,362086
SD647,362087
SD648,362088
SD649,362089
SD650,362090
SD651,362091
SD652,362092
SD653,362093
SD654,362094
SD655,362095
SD656,362096
SD657,362097
SD658,362098
SD659,362099
SD660,362100
SD661,362101
SD662,362102
SD663,362103
SD664,362104
SD665,362105
SD666,362106
SD667,362107
SD668,362108
SD669,362109
SD670,362110
SD671,362111
SD672,362112
SD673,362113
SD674,362114
SD675,362115
SD676,362116
SD677,362117
SD678,362118
SD679,362119
SD680,362120
SD681,362121
SD682,362122
SD683,362123
SD684,362124
SD685,362125
SD686,362126
SD687,362127
SD688,362128
SD689,362129
SD690,362130
SD691,362131
SD692,362132
SD693,362133
SD694,362134
SD695,362135
SD696,362136
SD697,362137
SD698,362138
SD699,362139
SD700,362140
SD701,362141
SD702,362142
SD703,362143
SD704,362144
SD705,362145
SD706,362146
SD707,362147
SD708,362148
SD709,362149
SD710,362150
SD711,362151
SD712,362152
SD713,362153
SD714,362154
SD715,362155
SD716,362156
SD717,362157
SD718,362158
SD719,362159
SD720,362160
SD721,362161
SD722,362162
SD723,362163
SD724,362164
SD725,362165
SD726,362166
SD727,362167
SD728,362168
SD729,362169
SD730,362170
SD731,362171
SD732,362172
SD733,362173
SD734,362174
SD735,362175
SD736,362176
SD737,362177
SD738,362178
SD739,362179
SD740,362180
SD741,362181
SD742,362182
SD743,362183
SD744,362184
SD745,362185
SD746,362186
SD747,362187
SD748,362188
SD749,362189
SD750,362190
SD751,362191
SD752,362192
SD753,362193
SD754,362194
SD755,362195
SD756,362196
SD757,362197
SD758,362198
SD759,362199
SD760,362200
SD761,362201
SD762,362202
SD763,362203
SD764,362204
SD765,362205
SD766,362206
SD767,362207
SD768,362208
SD769,362209
SD770,362210
SD771,362211
SD772,362212
SD773,362213
SD774,362214
SD775,362215
SD776,362216
SD777,362217
SD778,362218
SD779,362219
SD780,362220
SD781,362221
SD782,362222
SD783,362223
SD784,362224
SD785,362225
SD786,362226
SD787,362227
SD788,362228
SD789,362229
SD790,362230
SD791,362231
SD792,362232
SD793,362233
SD794,362234
SD795,362235
SD796,362236
SD797,362237
SD798,362238
SD799,362239
SD800,362240
SD801,362241
SD802,362242
SD803,362243
SD804,362244
SD805,362245
SD806,362246
SD807,362247
SD808,362248
SD809,362249
SD810,362250
SD811,362251
SD812,362252
SD813,362253
SD814,362254
SD815,362255
SD816,362256
SD817,362257
SD818,362258
SD819,362259
SD820,362260
SD821,362261
SD822,362262
SD823,362263
SD824,362264
SD825,362265
SD826,362266
SD827,362267
SD828,362268
SD829,362269
SD830,362270
SD831,362271
SD832,362272
SD833,362273
SD834,362274
SD835,362275
SD836,362276
SD837,362277
SD838,362278
SD839,362279
SD840,362280
SD841,362281
SD842,362282
SD843,362283
SD844,362284
SD845,362285
SD846,362286
SD847,362287
SD848,362288
SD849,362289
SD850,362290
SD851,362291
SD852,362292
SD853,362293
SD854,362294
SD855,362295
SD856,362296
SD857,362297
SD858,362298
SD859,362299
SD860,362300
SD861,362301
SD862,362302
SD863,362303
SD864,362304
SD865,362305
SD866,362306
SD867,362307
SD868,362308
SD869,362309
SD870,362310
SD871,362311
SD872,362312
SD873,362313
SD874,362314
SD875,362315
SD876,362316
SD877,362317
SD878,362318
SD879,362319
SD880,362320
SD881,362321
SD882,362322
SD883,362323
SD884,362324
SD885,362325
SD886,362326
SD887,362327
SD888,362328
SD889,362329
SD890,362330
SD891,362331
SD892,362332
SD893,362333
SD894,362334
SD895,362335
SD896,362336
SD897,362337
SD898,362338
SD899,362339
SD900,362340
SD901,362341
SD902,362342
SD903,362343
SD904,362344
SD905,362345
SD906,362346
SD907,362347
SD908,362348
SD909,362349
SD910,362350
SD911,362351
SD912,362352
SD913,362353
SD914,362354
SD915,362355
SD916,362356
SD917,362357
SD918,362358
SD919,362359
SD920,362360
SD921,362361
SD922,362362
SD923,362363
SD924,362364
SD925,362365
SD926,362366
SD927,362367
SD928,362368
SD929,362369
SD930,362370
SD931,362371
SD932,362372
SD933,362373
SD934,362374
SD935,362375
SD936,362376
SD937,362377
SD938,362378
SD939,362379
SD940,362380
SD941,362381
SD942,362382
SD943,362383
SD944,362384
SD945,362385
SD946,362386
SD947,362387
SD948,362388
SD949,362389
SD950,362390
SD951,362391
SD952,362392
SD953,362393
SD954,362394
SD955,362395
SD956,362396
SD957,362397
SD958,362398
SD959,362399
SD960,362400
SD961,362401
SD962,362402
SD963,362403
SD964,362404
SD965,362405
SD966,362406
SD967,362407
SD968,362408
SD969,362409
SD970,362410
SD971,362411
SD972,362412
SD973,362413
SD974,362414
SD975,362415
SD976,362416
SD977,362417
SD978,362418
SD979,362419
SD980,362420
SD981,362421
SD982,362422
SD983,362423
SD984,362424
SD985,362425
SD986,362426
SD987,362427
SD988,362428
SD989,362429
SD990,362430
SD991,362431
SD992,362432
SD993,362433
SD994,362434
SD995,362435
SD996,362436
SD997,362437
SD998,362438
SD999,362439
SD1000,362440
TXT1,436865
TXT2,436865
TXT3,436866
TXT4,436866
TXT5,436867
TXT6,436867
TXT7,436868
TXT8,436868
TXT9,436869
TXT10,436869
TXT11,436870
TXT12,436870
TXT13,436871
TXT14,436871
TXT15,436872
TXT16,436872
TXT17,436873
TXT18,436873
TXT19,436874
TXT20,436874
TXT21,436875
TXT22,436875
TXT23,436876
TXT24,436876
TXT25,436877
TXT26,436877
TXT27,436878
TXT28,436878
TXT29,436879
TXT30,436879
TXT31,436880
TXT32,436880
TXT33,436881
TXT34,436881
TXT35,436882
TXT36,436882
TXT37,436883
TXT38,436883
TXT39,436884
TXT40,436884
TXT41,436885
TXT42,436885
TXT43,436886
TXT44,436886
TXT45,436887
TXT46,436887
TXT47,436888
TXT48,436888
TXT49,436889
TXT50,436889
TXT51,436890
TXT52,436890
TXT53,436891
TXT54,436891
TXT55,436892
TXT56,436892
TXT57,436893
TXT58,436893
TXT59,436894
TXT60,436894
TXT61,436895
TXT62,436895
TXT63,436896
TXT64,436896
TXT65,436897
TXT66,436897
TXT67,436898
TXT68,436898
TXT69,436899
TXT70,436899
TXT71,436900
TXT72,436900
TXT73,436901
TXT74,436901
TXT75,436902
TXT76,436902
TXT77,436903
TXT78,436903
TXT79,436904
TXT80,436904
TXT81,436905
TXT82,436905
TXT83,436906
TXT84,436906
TXT85,436907
TXT86,436907
TXT87,436908
TXT88,436908
TXT89,436909
TXT90,436909
TXT91,436910
TXT92,436910
TXT93,436911
TXT94,436911
TXT95,436912
TXT96,436912
TXT97,436913
TXT98,436913
TXT99,436914
TXT100,436914
TXT101,436915
TXT102,436915
TXT103,436916
TXT104,436916
TXT105,436917
TXT106,436917
TXT107,436918
TXT108,436918
TXT109,436919
TXT110,436919
TXT111,436920
TXT112,436920
TXT113,436921
TXT114,436921
TXT115,436922
TXT116,436922
TXT117,436923
TXT118,436923
TXT119,436924
TXT120,436924
TXT121,436925
TXT122,436925
TXT123,436926
TXT124,436926
TXT125,436927
TXT126,436927
TXT127,436928
TXT128,436928
TXT129,436929
TXT130,436929
TXT131,436930
TXT132,436930
TXT133,436931
TXT134,436931
TXT135,436932
TXT136,436932
TXT137,436933
TXT138,436933
TXT139,436934
TXT140,436934
TXT141,436935
TXT142,436935
TXT143,436936
TXT144,436936
TXT145,436937
TXT146,436937
TXT147,436938
TXT148,436938
TXT149,436939
TXT150,436939
TXT151,436940
TXT152,436940
TXT153,436941
TXT154,436941
TXT155,436942
TXT156,436942
TXT157,436943
TXT158,436943
TXT159,436944
TXT160,436944
TXT161,436945
TXT162,436945
TXT163,436946
TXT164,436946
TXT165,436947
TXT166,436947
TXT167,436948
TXT168,436948
TXT169,436949
TXT170,436949
TXT171,436950
TXT172,436950
TXT173,436951
TXT174,436951
TXT175,436952
TXT176,436952
TXT177,436953
TXT178,436953
TXT179,436954
TXT180,436954
TXT181,436955
TXT182,436955
TXT183,436956
TXT184,436956
TXT185,436957
TXT186,436957
TXT187,436958
TXT188,436958
TXT189,436959
TXT190,436959
TXT191,436960
TXT192,436960
TXT193,436961
TXT194,436961
TXT195,436962
TXT196,436962
TXT197,436963
TXT198,436963
TXT199,436964
TXT200,436964
TXT201,436965
TXT202,436965
TXT203,436966
TXT204,436966
TXT205,436967
TXT206,436967
TXT207,436968
TXT208,436968
TXT209,436969
TXT210,436969
TXT211,436970
TXT212,436970
TXT213,436971
TXT214,436971
TXT215,436972
TXT216,436972
TXT217,436973
TXT218,436973
TXT219,436974
TXT220,436974
TXT221,436975
TXT222,436975
TXT223,436976
TXT224,436976
TXT225,436977
TXT226,436977
TXT227,436978
TXT228,436978
TXT229,436979
TXT230,436979
TXT231,436980
TXT232,436980
TXT233,436981
TXT234,436981
TXT235,436982
TXT236,436982
TXT237,436983
TXT238,436983
TXT239,436984
TXT240,436984
TXT241,436985
TXT242,436985
TXT243,436986
TXT244,436986
TXT245,436987
TXT246,436987
TXT247,436988
TXT248,436988
TXT249,436989
TXT250,436989
TXT251,436990
TXT252,436990
TXT253,436991
TXT254,436991
TXT255,436992
TXT256,436992
TXT257,436993
TXT258,436993
TXT259,436994
TXT260,436994
TXT261,436995
TXT262,436995
TXT263,436996
TXT264,436996
TXT265,436997
TXT266,436997
TXT267,436998
TXT268,436998
TXT269,436999
TXT270,436999
TXT271,437000
TXT272,437000
TXT273,437001
TXT274,437001
TXT275,437002
TXT276,437002
TXT277,437003
TXT278,437003
TXT279,437004
TXT280,437004
TXT281,437005
TXT282,437005
TXT283,437006
TXT284,437006
TXT285,437007
TXT286,437007
TXT287,437008
TXT288,437008
TXT289,437009
TXT290,437009
TXT291,437010
TXT292,437010
TXT293,437011
TXT294,437011
TXT295,437012
TXT296,437012
TXT297,437013
TXT298,437013
TXT299,437014
TXT300,437014
TXT301,437015
TXT302,437015
TXT303,437016
TXT304,437016
TXT305,437017
TXT306,437017
TXT307,437018
TXT308,437018
TXT309,437019
TXT310,437019
TXT311,437020
TXT312,437020
TXT313,437021
TXT314,437021
TXT315,437022
TXT316,437022
TXT317,437023
TXT318,437023
TXT319,437024
TXT320,437024
TXT321,437025
TXT322,437025
TXT323,437026
TXT324,437026
TXT325,437027
TXT326,437027
TXT327,437028
TXT328,437028
TXT329,437029
TXT330,437029
TXT331,437030
TXT332,437030
TXT333,437031
TXT334,437031
TXT335,437032
TXT336,437032
TXT337,437033
TXT338,437033
TXT339,437034
TXT340,437034
TXT341,437035
TXT342,437035
TXT343,437036
TXT344,437036
TXT345,437037
TXT346,437037
TXT347,437038
TXT348,437038
TXT349,437039
TXT350,437039
TXT351,437040
TXT352,437040
TXT353,437041
TXT354,437041
TXT355,437042
TXT356,437042
TXT357,437043
TXT358,437043
TXT359,437044
TXT360,437044
TXT361,437045
TXT362,437045
TXT363,437046
TXT364,437046
TXT365,437047
TXT366,437047
TXT367,437048
TXT368,437048
TXT369,437049
TXT370,437049
TXT371,437050
TXT372,437050
TXT373,437051
TXT374,437051
TXT375,437052
TXT376,437052
TXT377,437053
TXT378,437053
TXT379,437054
TXT380,437054
TXT381,437055
TXT382,437055
TXT383,437056
TXT384,437056
TXT385,437057
TXT386,437057
TXT387,437058
TXT388,437058
TXT389,437059
TXT390,437059
TXT391,437060
TXT392,437060
TXT393,437061
TXT394,437061
TXT395,437062
TXT396,437062
TXT397,437063
TXT398,437063
TXT399,437064
TXT400,437064
TXT401,437065
TXT402,437065
TXT403,437066
TXT404,437066
TXT405,437067
TXT406,437067
TXT407,437068
TXT408,437068
TXT409,437069
TXT410,437069
TXT411,437070
TXT412,437070
TXT413,437071
TXT414,437071
TXT415,437072
TXT416,437072
TXT417,437073
TXT418,437073
TXT419,437074
TXT420,437074
TXT421,437075
TXT422,437075
TXT423,437076
TXT424,437076
TXT425,437077
TXT426,437077
TXT427,437078
TXT428,437078
TXT429,437079
TXT430,437079
TXT431,437080
TXT432,437080
TXT433,437081
TXT434,437081
TXT435,437082
TXT436,437082
TXT437,437083
TXT438,437083
TXT439,437084
TXT440,437084
TXT441,437085
TXT442,437085
TXT443,437086
TXT444,437086
TXT445,437087
TXT446,437087
TXT447,437088
TXT448,437088
TXT449,437089
TXT450,437089
TXT451,437090
TXT452,437090
TXT453,437091
TXT454,437091
TXT455,437092
TXT456,437092
TXT457,437093
TXT458,437093
TXT459,437094
TXT460,437094
TXT461,437095
TXT462,437095
TXT463,437096
TXT464,437096
TXT465,437097
TXT466,437097
TXT467,437098
TXT468,437098
TXT469,437099
TXT470,437099
TXT471,437100
TXT472,437100
TXT473,437101
TXT474,437101
TXT475,437102
TXT476,437102
TXT477,437103
TXT478,437103
TXT479,437104
TXT480,437104
TXT481,437105
TXT482,437105
TXT483,437106
TXT484,437106
TXT485,437107
TXT486,437107
TXT487,437108
TXT488,437108
TXT489,437109
TXT490,437109
TXT491,437110
TXT492,437110
TXT493,437111
TXT494,437111
TXT495,437112
TXT496,437112
TXT497,437113
TXT498,437113
TXT499,437114
TXT500,437114
TXT501,437115
TXT502,437115
TXT503,437116
TXT504,437116
TXT505,437117
TXT506,437117
TXT507,437118
TXT508,437118
TXT509,437119
TXT510,437119
TXT511,437120
TXT512,437120
TXT513,437121
TXT514,437121
TXT515,437122
TXT516,437122
TXT517,437123
TXT518,437123
TXT519,437124
TXT520,437124
TXT521,437125
TXT522,437125
TXT523,437126
TXT524,437126
TXT525,437127
TXT526,437127
TXT527,437128
TXT528,437128
TXT529,437129
TXT530,437129
TXT531,437130
TXT532,437130
TXT533,437131
TXT534,437131
TXT535,437132
TXT536,437132
TXT537,437133
TXT538,437133
TXT539,437134
TXT540,437134
TXT541,437135
TXT542,437135
TXT543,437136
TXT544,437136
TXT545,437137
TXT546,437137
TXT547,437138
TXT548,437138
TXT549,437139
TXT550,437139
TXT551,437140
TXT552,437140
TXT553,437141
TXT554,437141
TXT555,437142
TXT556,437142
TXT557,437143
TXT558,437143
TXT559,437144
TXT560,437144
TXT561,437145
TXT562,437145
TXT563,437146
TXT564,437146
TXT565,437147
TXT566,437147
TXT567,437148
TXT568,437148
TXT569,437149
TXT570,437149
TXT571,437150
TXT572,437150
TXT573,437151
TXT574,437151
TXT575,437152
TXT576,437152
TXT577,437153
TXT578,437153
TXT579,437154
TXT580,437154
TXT581,437155
TXT582,437155
TXT583,437156
TXT584,437156
TXT585,437157
TXT586,437157
TXT587,437158
TXT588,437158
TXT589,437159
TXT590,437159
TXT591,437160
TXT592,437160
TXT593,437161
TXT594,437161
TXT595,437162
TXT596,437162
TXT597,437163
TXT598,437163
TXT599,437164
TXT600,437164
TXT601,437165
TXT602,437165
TXT603,437166
TXT604,437166
TXT605,437167
TXT606,437167
TXT607,437168
TXT608,437168
TXT609,437169
TXT610,437169
TXT611,437170
TXT612,437170
TXT613,437171
TXT614,437171
TXT615,437172
TXT616,437172
TXT617,437173
TXT618,437173
TXT619,437174
TXT620,437174
TXT621,437175
TXT622,437175
TXT623,437176
TXT624,437176
TXT625,437177
TXT626,437177
TXT627,437178
TXT628,437178
TXT629,437179
TXT630,437179
TXT631,437180
TXT632,437180
TXT633,437181
TXT634,437181
TXT635,437182
TXT636,437182
TXT637,437183
TXT638,437183
TXT639,437184
TXT640,437184
TXT641,437185
TXT642,437185
TXT643,437186
TXT644,437186
TXT645,437187
TXT646,437187
TXT647,437188
TXT648,437188
TXT649,437189
TXT650,437189
TXT651,437190
TXT652,437190
TXT653,437191
TXT654,437191
TXT655,437192
TXT656,437192
TXT657,437193
TXT658,437193
TXT659,437194
TXT660,437194
TXT661,437195
TXT662,437195
TXT663,437196
TXT664,437196
TXT665,437197
TXT666,437197
TXT667,437198
TXT668,437198
TXT669,437199
TXT670,437199
TXT671,437200
TXT672,437200
TXT673,437201
TXT674,437201
TXT675,437202
TXT676,437202
TXT677,437203
TXT678,437203
TXT679,437204
TXT680,437204
TXT681,437205
TXT682,437205
TXT683,437206
TXT684,437206
TXT685,437207
TXT686,437207
TXT687,437208
TXT688,437208
TXT689,437209
TXT690,437209
TXT691,437210
TXT692,437210
TXT693,437211
TXT694,437211
TXT695,437212
TXT696,437212
TXT697,437213
TXT698,437213
TXT699,437214
TXT700,437214
TXT701,437215
TXT702,437215
TXT703,437216
TXT704,437216
TXT705,437217
TXT706,437217
TXT707,437218
TXT708,437218
TXT709,437219
TXT710,437219
TXT711,437220
TXT712,437220
TXT713,437221
TXT714,437221
TXT715,437222
TXT716,437222
TXT717,437223
TXT718,437223
TXT719,437224
TXT720,437224
TXT721,437225
TXT722,437225
TXT723,437226
TXT724,437226
TXT725,437227
TXT726,437227
TXT727,437228
TXT728,437228
TXT729,437229
TXT730,437229
TXT731,437230
TXT732,437230
TXT733,437231
TXT734,437231
TXT735,437232
TXT736,437232
TXT737,437233
TXT738,437233
TXT739,437234
TXT740,437234
TXT741,437235
TXT742,437235
TXT743,437236
TXT744,437236
TXT745,437237
TXT746,437237
TXT747,437238
TXT748,437238
TXT749,437239
TXT750,437239
TXT751,437240
TXT752,437240
TXT753,437241
TXT754,437241
TXT755,437242
TXT756,437242
TXT757,437243
TXT758,437243
TXT759,437244
TXT760,437244
TXT761,437245
TXT762,437245
TXT763,437246
TXT764,437246
TXT765,437247
TXT766,437247
TXT767,437248
TXT768,437248
TXT769,437249
TXT770,437249
TXT771,437250
TXT772,437250
TXT773,437251
TXT774,437251
TXT775,437252
TXT776,437252
TXT777,437253
TXT778,437253
TXT779,437254
TXT780,437254
TXT781,437255
TXT782,437255
TXT783,437256
TXT784,437256
TXT785,437257
TXT786,437257
TXT787,437258
TXT788,437258
TXT789,437259
TXT790,437259
TXT791,437260
TXT792,437260
TXT793,437261
TXT794,437261
TXT795,437262
TXT796,437262
TXT797,437263
TXT798,437263
TXT799,437264
TXT800,437264
TXT801,437265
TXT802,437265
TXT803,437266
TXT804,437266
TXT805,437267
TXT806,437267
TXT807,437268
TXT808,437268
TXT809,437269
TXT810,437269
TXT811,437270
TXT812,437270
TXT813,437271
TXT814,437271
TXT815,437272
TXT816,437272
TXT817,437273
TXT818,437273
TXT819,437274
TXT820,437274
TXT821,437275
TXT822,437275
TXT823,437276
TXT824,437276
TXT825,437277
TXT826,437277
TXT827,437278
TXT828,437278
TXT829,437279
TXT830,437279
TXT831,437280
TXT832,437280
TXT833,437281
TXT834,437281
TXT835,437282
TXT836,437282
TXT837,437283
TXT838,437283
TXT839,437284
TXT840,437284
TXT841,437285
TXT842,437285
TXT843,437286
TXT844,437286
TXT845,437287
TXT846,437287
TXT847,437288
TXT848,437288
TXT849,437289
TXT850,437289
TXT851,437290
TXT852,437290
TXT853,437291
TXT854,437291
TXT855,437292
TXT856,437292
TXT857,437293
TXT858,437293
TXT859,437294
TXT860,437294
TXT861,437295
TXT862,437295
TXT863,437296
TXT864,437296
TXT865,437297
TXT866,437297
TXT867,437298
TXT868,437298
TXT869,437299
TXT870,437299
TXT871,437300
TXT872,437300
TXT873,437301
TXT874,437301
TXT875,437302
TXT876,437302
TXT877,437303
TXT878,437303
TXT879,437304
TXT880,437304
TXT881,437305
TXT882,437305
TXT883,437306
TXT884,437306
TXT885,437307
TXT886,437307
TXT887,437308
TXT888,437308
TXT889,437309
TXT890,437309
TXT891,437310
TXT892,437310
TXT893,437311
TXT894,437311
TXT895,437312
TXT896,437312
TXT897,437313
TXT898,437313
TXT899,437314
TXT900,437314
TXT901,437315
TXT902,437315
TXT903,437316
TXT904,437316
TXT905,437317
TXT906,437317
TXT907,437318
TXT908,437318
TXT909,437319
TXT910,437319
TXT911,437320
TXT912,437320
TXT913,437321
TXT914,437321
TXT915,437322
TXT916,437322
TXT917,437323
TXT918,437323
TXT919,437324
TXT920,437324
TXT921,437325
TXT922,437325
TXT923,437326
TXT924,437326
TXT925,437327
TXT926,437327
TXT927,437328
TXT928,437328
TXT929,437329
TXT930,437329
TXT931,437330
TXT932,437330
TXT933,437331
TXT934,437331
TXT935,437332
TXT936,437332
TXT937,437333
TXT938,437333
TXT939,437334
TXT940,437334
TXT941,437335
TXT942,437335
TXT943,437336
TXT944,437336
TXT945,437337
TXT946,437337
TXT947,437338
TXT948,437338
TXT949,437339
TXT950,437339
TXT951,437340
TXT952,437340
TXT953,437341
TXT954,437341
TXT955,437342
TXT956,437342
TXT957,437343
TXT958,437343
TXT959,437344
TXT960,437344
TXT961,437345
TXT962,437345
TXT963,437346
TXT964,437346
TXT965,437347
TXT966,437347
TXT967,437348
TXT968,437348
TXT969,437349
TXT970,437349
TXT971,437350
TXT972,437350
TXT973,437351
TXT974,437351
TXT975,437352
TXT976,437352
TXT977,437353
TXT978,437353
TXT979,437354
TXT980,437354
TXT981,437355
TXT982,437355
TXT983,437356
TXT984,437356
TXT985,437357
TXT986,437357
TXT987,437358
TXT988,437358
TXT989,437359
TXT990,437359
TXT991,437360
TXT992,437360
TXT993,437361
TXT994,437361
TXT995,437362
TXT996,437362
TXT997,437363
TXT998,437363
TXT999,437364
TXT1000,437364
